,player_id,first_name,last_name,birth_year,draft_year,draft_pick
0,1,Nikola,Jokic,1996.0,2014.0,41.0
1,2,Damian,Lillard,1991.0,2012.0,6.0
2,3,Stephen,Curry,1988.0,2009.0,7.0
3,4,Chris,Paul,1985.0,2005.0,4.0
4,5,Trae,Young,1999.0,2018.0,5.0
5,6,Khris,Middleton,1992.0,2012.0,39.0
6,7,Joel,Embiid,1994.0,2014.0,3.0
7,8,Giannis,Antetokounmpo,1995.0,2013.0,15.0
8,9,Kawhi,Leonard,1992.0,2011.0,15.0
9,10,Rudy,Gobert,1993.0,2013.0,27.0
10,11,Paul,George,1990.0,2010.0,10.0
11,12,Jayson,Tatum,1998.0,2017.0,3.0
12,13,Kyrie,Irving,1992.0,2011.0,1.0
13,14,Luka,Doncic,1999.0,2018.0,3.0
14,15,Devin,Booker,1997.0,2015.0,13.0
15,16,Bradley,Beal,1994.0,2012.0,3.0
16,17,Nikola,Vucevic,1991.0,2011.0,16.0
17,18,Deandre,Ayton,1999.0,2018.0,1.0
18,19,Julius,Randle,1995.0,2014.0,7.0
19,20,Jrue,Holiday,1990.0,2009.0,17.0
20,21,James,Harden,1990.0,2009.0,3.0
21,22,Bam,Adebayo,1998.0,2017.0,14.0
22,23,Tobias,Harris,1993.0,2011.0,19.0
23,24,Mikal,Bridges,1997.0,2018.0,10.0
24,25,Clint,Capela,1994.0,2014.0,25.0
25,26,Domantas,Sabonis,1996.0,2016.0,11.0
26,27,John,Collins,1998.0,2017.0,19.0
27,28,Russell,Westbrook,1989.0,2008.0,4.0
28,29,Kevin,Durant,1989.0,2007.0,2.0
29,30,Brook,Lopez,1988.0,2008.0,10.0
30,31,Zach,LaVine,1995.0,2014.0,13.0
31,32,Michael,Porter Jr.,1999.0,2019.0,14.0
32,33,Jimmy,Butler,1990.0,2011.0,30.0
33,34,Jonas,Valanciunas,1992.0,2011.0,5.0
34,35,Terry,Rozier,1994.0,2015.0,16.0
35,36,Donovan,Mitchell,1997.0,2017.0,13.0
36,37,Karl-Anthony,Towns,1996.0,2015.0,1.0
37,38,Draymond,Green,1990.0,2012.0,35.0
38,39,Robert,Covington,1991.0,2013.0,20.0
39,40,Norman,Powell,1993.0,2015.0,46.0
40,41,Kyle,Anderson,1994.0,2014.0,30.0
41,42,Brandon,Ingram,1998.0,2016.0,2.0
42,43,Kelly,Olynyk,1991.0,2013.0,13.0
43,44,T.J.,McConnell,1992.0,2015.0,20.0
44,45,DeMar,DeRozan,1990.0,2009.0,9.0
45,46,Jaylen,Brown,1997.0,2016.0,3.0
46,47,Richaun,Holmes,1994.0,2015.0,37.0
47,48,Zion,Williamson,2001.0,2019.0,1.0
48,49,Andrew,Wiggins,1995.0,2014.0,1.0
49,50,Nicolas,Batum,1989.0,2008.0,25.0
50,51,Buddy,Hield,1992.0,2016.0,6.0
51,52,LeBron,James,1984.0,2003.0,1.0
52,53,Jordan,Clarkson,1992.0,2014.0,46.0
53,54,Kevin,Huerter,1999.0,2018.0,19.0
54,55,Dejounte,Murray,1997.0,2016.0,29.0
55,56,Bojan,Bogdanovic,1989.0,2011.0,31.0
56,57,Joe,Ingles,1988.0,2009.0,20.0
57,58,Fred,VanVleet,1994.0,2016.0,20.0
58,59,Danny,Green,1988.0,2009.0,46.0
59,60,Nerlens,Noel,1994.0,2013.0,6.0
60,61,De'Aaron,Fox,1997.0,2017.0,5.0
61,62,Enes,Kanter,1992.0,2011.0,3.0
62,63,Malcolm,Brogdon,1993.0,2016.0,36.0
63,64,Pascal,Siakam,1994.0,2016.0,27.0
64,65,Royce,O'Neale,1993.0,2015.0,20.0
65,66,Chris,Boucher,1993.0,2017.0,20.0
66,67,Joe,Harris,1992.0,2014.0,33.0
67,68,Ben,Simmons,1997.0,2016.0,1.0
68,69,Miles,Bridges,1998.0,2018.0,12.0
69,70,Ivica,Zubac,1997.0,2016.0,32.0
70,71,PJ,Washington,1999.0,2019.0,12.0
71,72,Myles,Turner,1996.0,2015.0,11.0
72,73,Anthony,Edwards,2002.0,2020.0,1.0
73,74,Jakob,Poeltl,1996.0,2016.0,9.0
74,75,Mike,Conley,1988.0,2007.0,4.0
75,76,Thaddeus,Young,1989.0,2007.0,12.0
76,77,Lonzo,Ball,1998.0,2017.0,2.0
77,78,Collin,Sexton,1999.0,2018.0,8.0
78,79,Jarrett,Allen,1998.0,2017.0,22.0
79,80,Reggie,Jackson,1990.0,2011.0,24.0
80,81,Bogdan,Bogdanovic,1993.0,2014.0,27.0
81,82,Dennis,Schroder,1994.0,2013.0,17.0
82,83,Dillon,Brooks,1996.0,2017.0,45.0
83,84,Ja,Morant,2000.0,2019.0,2.0
84,85,C.J.,McCollum,1992.0,2013.0,10.0
85,86,Bobby,Portis,1995.0,2015.0,22.0
86,87,Tyrese,Haliburton,2000.0,2020.0,12.0
87,88,Jamal,Murray,1997.0,2016.0,7.0
88,89,Delon,Wright,1992.0,2015.0,20.0
89,90,Kristaps,Porzingis,1996.0,2015.0,4.0
90,91,R.J.,Barrett,2000.0,2019.0,3.0
91,92,Duncan,Robinson,1994.0,2018.0,20.0
92,93,Jae'Sean,Tate,1996.0,2020.0,
93,94,Jerami,Grant,1994.0,2014.0,39.0
94,95,Harrison,Barnes,1992.0,2012.0,7.0
95,96,Coby,White,2000.0,2019.0,7.0
96,97,Robert,Williams,1998.0,2018.0,27.0
97,98,Jae,Crowder,1991.0,2012.0,34.0
98,99,Ricky,Rubio,1991.0,2009.0,5.0
99,100,Seth,Curry,1991.0,2013.0,20.0
100,101,Justin,Holiday,1989.0,2011.0,20.0
101,102,Montrezl,Harrell,1994.0,2015.0,32.0
102,103,LaMelo,Ball,2002.0,2020.0,3.0
103,104,Kyle,Lowry,1986.0,2006.0,24.0
104,105,Tim,Hardaway Jr.,1992.0,2013.0,24.0
105,106,Marcus,Morris,1990.0,2011.0,14.0
106,107,Carmelo,Anthony,1984.0,2003.0,3.0
107,108,Matisse,Thybulle,1997.0,2019.0,20.0
108,109,Darius,Garland,2000.0,2019.0,5.0
109,110,Caris,LeVert,1995.0,2016.0,20.0
110,111,Donte,DiVincenzo,1997.0,2018.0,17.0
111,112,Dorian,Finney-Smith,1993.0,2016.0,20.0
112,113,Mason,Plumlee,1990.0,2013.0,22.0
113,114,Isaiah,Stewart,2001.0,2020.0,16.0
114,115,Bruce,Brown,1997.0,2018.0,42.0
115,116,Anthony,Davis,1993.0,2012.0,1.0
116,117,Marcus,Smart,1994.0,2014.0,6.0
117,118,Kendrick,Nunn,1996.0,2018.0,20.0
118,119,Danilo,Gallinari,1989.0,2008.0,6.0
119,120,Facundo,Campazzo,1991.0,2020.0,
120,121,Kyle,Kuzma,1996.0,2017.0,27.0
121,122,Gordon,Hayward,1990.0,2010.0,9.0
122,123,Kentavious,Caldwell-Pope,1993.0,2013.0,8.0
123,124,Cameron,Payne,1995.0,2015.0,14.0
124,125,Kemba,Walker,1990.0,2011.0,9.0
125,126,Naz,Reid,2000.0,2019.0,20.0
126,127,Pat,Connaughton,1993.0,2015.0,41.0
127,128,Jalen,Brunson,1997.0,2018.0,33.0
128,129,O.G.,Anunoby,1998.0,2017.0,23.0
129,130,Reggie,Bullock,1991.0,2013.0,25.0
130,131,Saddiq,Bey,1999.0,2020.0,19.0
131,132,Jeff,Green,1987.0,2007.0,5.0
132,133,Josh,Richardson,1994.0,2015.0,40.0
133,134,Daniel,Theis,1992.0,2013.0,20.0
134,135,Patrick,Williams,2002.0,2020.0,4.0
135,136,Derrick,Rose,1989.0,2008.0,1.0
136,137,Derrick,Favors,1992.0,2010.0,3.0
137,138,Andre,Drummond,1994.0,2012.0,9.0
138,139,Lou,Williams,1987.0,2005.0,45.0
139,140,Brandon,Clarke,1997.0,2019.0,21.0
140,141,Devonte',Graham,1995.0,2018.0,34.0
141,142,Evan,Fournier,1993.0,2012.0,20.0
142,143,Keldon,Johnson,2000.0,2019.0,29.0
143,144,Desmond,Bane,1999.0,2020.0,30.0
144,145,Daniel,Gafford,1999.0,2019.0,38.0
145,146,Cameron,Johnson,1996.0,2019.0,11.0
146,147,Doug,McDermott,1992.0,2014.0,11.0
147,148,Will,Barton,1991.0,2012.0,40.0
148,149,Shai,Gilgeous-Alexander,1999.0,2018.0,11.0
149,150,Rudy,Gay,1987.0,2006.0,8.0
150,151,Tyler,Herro,2000.0,2019.0,13.0
151,152,Raul,Neto,1992.0,2013.0,47.0
152,153,Eric,Bledsoe,1990.0,2010.0,18.0
153,154,Christian,Wood,1996.0,2015.0,20.0
154,155,Kelly,Oubre Jr.,1996.0,2015.0,15.0
155,156,Rui,Hachimura,1998.0,2019.0,9.0
156,157,Shake,Milton,1997.0,2018.0,54.0
157,158,Kent,Bazemore,1990.0,2012.0,20.0
158,159,De'Anthony,Melton,1998.0,2018.0,46.0
159,160,Paul,Millsap,1985.0,2006.0,47.0
160,161,Isaiah,Roby,1998.0,2019.0,45.0
161,162,Wendell,Carter Jr.,1999.0,2018.0,7.0
162,163,Terance,Mann,1997.0,2019.0,48.0
163,164,D'Angelo,Russell,1996.0,2015.0,2.0
164,165,Josh,Jackson,1997.0,2017.0,4.0
165,166,Robin,Lopez,1988.0,2008.0,15.0
166,167,Khem,Birch,1993.0,2014.0,20.0
167,168,Cory,Joseph,1992.0,2011.0,29.0
168,169,DeAndre,Jordan,1989.0,2008.0,35.0
169,170,Kenrich,Williams,1995.0,2018.0,20.0
170,171,Talen,Horton-Tucker,2001.0,2019.0,46.0
171,172,Dwight,Howard,1986.0,2004.0,1.0
172,173,Patty,Mills,1989.0,2009.0,55.0
173,174,Davis,Bertans,1993.0,2011.0,42.0
174,175,Goran,Dragic,1986.0,2008.0,45.0
175,176,Blake,Griffin,1989.0,2009.0,1.0
176,177,Jusuf,Nurkic,1995.0,2014.0,16.0
177,178,Jarred,Vanderbilt,1999.0,2018.0,41.0
178,179,Aaron,Gordon,1996.0,2014.0,4.0
179,180,Tomas,Satoransky,1992.0,2012.0,32.0
180,181,Gary,Trent Jr.,1999.0,2018.0,37.0
181,182,Tyus,Jones,1996.0,2015.0,24.0
182,183,Lauri,Markkanen,1997.0,2017.0,7.0
183,184,Grayson,Allen,1996.0,2018.0,21.0
184,185,Alec,Burks,1992.0,2011.0,12.0
185,186,Terrence,Ross,1991.0,2012.0,8.0
186,187,Marc,Gasol,1985.0,2007.0,48.0
187,188,Juan,Toscano-Anderson,1993.0,2019.0,20.0
188,189,Andre,Iguodala,1984.0,2004.0,9.0
189,190,Steven,Adams,1994.0,2013.0,12.0
190,191,John,Wall,1991.0,2010.0,1.0
191,192,Monte,Morris,1996.0,2017.0,51.0
192,193,JaMychal,Green,1991.0,2013.0,20.0
193,194,Jaden,McDaniels,2001.0,2020.0,28.0
194,195,Immanuel,Quickley,2000.0,2020.0,25.0
195,196,Bryn,Forbes,1994.0,2016.0,20.0
196,197,Maxi,Kleber,1992.0,2014.0,20.0
197,198,Taj,Gibson,1986.0,2009.0,26.0
198,199,Alex,Caruso,1994.0,2016.0,20.0
199,200,Xavier,Tillman,1999.0,2020.0,35.0
200,201,Isaac,Okoro,2001.0,2020.0,5.0
201,202,Theo,Maledon,2001.0,2020.0,34.0
202,203,Serge,Ibaka,1990.0,2008.0,24.0
203,204,Josh,Hart,1995.0,2017.0,30.0
204,205,Luke,Kennard,1997.0,2017.0,12.0
205,206,Payton,Pritchard,1998.0,2020.0,26.0
206,207,Malik,Beasley,1997.0,2016.0,19.0
207,208,Landry,Shamet,1997.0,2018.0,26.0
208,209,Alex,Len,1993.0,2013.0,5.0
209,210,Jaxson,Hayes,2000.0,2019.0,8.0
210,211,Patrick,Beverley,1989.0,2009.0,42.0
211,212,Dwight,Powell,1992.0,2014.0,45.0
212,213,Cedi,Osman,1995.0,2015.0,31.0
213,214,Svi,Mykhailiuk,1997.0,2018.0,47.0
214,215,Derrick,White,1995.0,2017.0,29.0
215,216,Terence,Davis,1997.0,2019.0,20.0
216,217,Larry,Nance Jr.,1993.0,2015.0,27.0
217,218,Tristan,Thompson,1991.0,2011.0,4.0
218,219,Cole,Anthony,2000.0,2020.0,15.0
219,220,Jordan,Poole,2000.0,2019.0,28.0
220,221,Garrett,Temple,1986.0,2009.0,20.0
221,222,Furkan,Korkmaz,1998.0,2016.0,26.0
222,223,Derrick,Jones,1997.0,2016.0,20.0
223,224,Sterling,Brown,1995.0,2017.0,46.0
224,225,Cody,Zeller,1993.0,2013.0,4.0
225,226,Kenyon,Martin Jr.,2001.0,2020.0,52.0
226,227,Georges,Niang,1994.0,2016.0,50.0
227,228,P.J.,Tucker,1985.0,2006.0,35.0
228,229,Victor,Oladipo,1992.0,2013.0,2.0
229,230,Lonnie,Walker,1999.0,2018.0,18.0
230,231,Darius,Bazley,2000.0,2019.0,23.0
231,232,Torrey,Craig,1990.0,2014.0,20.0
232,233,Luguentz,Dort,1999.0,2019.0,20.0
233,234,Nickeil,Alexander-Walker,1999.0,2019.0,17.0
234,235,Damion,Lee,1993.0,2016.0,20.0
235,236,DeMarcus,Cousins,1991.0,2010.0,5.0
236,237,Rajon,Rondo,1986.0,2006.0,21.0
237,238,Dwayne,Bacon,1996.0,2017.0,40.0
238,239,Dario,Saric,1994.0,2014.0,12.0
239,240,Dean,Wade,1997.0,2019.0,20.0
240,241,Anfernee,Simons,1999.0,2018.0,24.0
241,242,Bismack,Biyombo,1993.0,2011.0,7.0
242,243,Chuma,Okeke,1999.0,2020.0,16.0
243,244,Elfrid,Payton,1994.0,2014.0,10.0
244,245,Mo,Bamba,1998.0,2018.0,6.0
245,246,Moses,Brown,2000.0,2019.0,20.0
246,247,Jeremy,Lamb,1992.0,2012.0,12.0
247,248,Tyrese,Maxey,2001.0,2020.0,21.0
248,249,Kevon,Looney,1996.0,2015.0,30.0
249,250,Willie,Cauley-Stein,1994.0,2015.0,6.0
250,251,Al,Horford,1986.0,2007.0,3.0
251,252,D.J.,Augustin,1988.0,2008.0,9.0
252,253,Mitchell,Robinson,1998.0,2018.0,36.0
253,254,James,Johnson,1987.0,2009.0,16.0
254,255,JaVale,McGee,1988.0,2008.0,18.0
255,256,Aaron,Holiday,1997.0,2018.0,23.0
256,257,DeAndre',Bembry,1995.0,2016.0,21.0
257,258,Drew,Eubanks,1997.0,2018.0,20.0
258,259,Josh,Okogie,1999.0,2018.0,20.0
259,260,Stanley,Johnson,1996.0,2015.0,8.0
260,261,Ish,Smith,1989.0,2010.0,20.0
261,262,Hamidou,Diallo,1999.0,2018.0,45.0
262,263,Solomon,Hill,1991.0,2013.0,23.0
263,264,Jeff,Teague,1988.0,2009.0,19.0
264,265,Devin,Vassell,2001.0,2020.0,11.0
265,266,Jordan,McLaughlin,1996.0,2018.0,20.0
266,267,Onyeka,Okongwu,2001.0,2020.0,6.0
267,268,Willy,Hernangomez,1994.0,2015.0,35.0
268,269,Brad,Wanamaker,1990.0,2011.0,20.0
269,270,Taurean,Prince,1995.0,2016.0,12.0
270,271,Tony,Bradley,1998.0,2017.0,28.0
271,272,Edmond,Sumner,1995.0,2017.0,52.0
272,273,Markieff,Morris,1990.0,2011.0,13.0
273,274,Grant,Williams,1999.0,2019.0,22.0
274,275,Marvin,Bagley III,1999.0,2018.0,2.0
275,276,Wayne,Ellington,1988.0,2009.0,28.0
276,277,James,Ennis,1991.0,2013.0,50.0
277,278,Deni,Avdija,2001.0,2020.0,9.0
278,279,Denzel,Valentine,1994.0,2016.0,14.0
279,280,Nicolas,Claxton,1999.0,2019.0,31.0
280,281,Gorgui,Dieng,1990.0,2013.0,21.0
281,282,Malik,Monk,1998.0,2017.0,11.0
282,283,Aleksej,Pokusevski,2001.0,2020.0,17.0
283,284,Trevor,Ariza,1986.0,2004.0,43.0
284,285,Goga,Bitadze,2000.0,2019.0,18.0
285,286,Jalen,McDaniels,1998.0,2019.0,52.0
286,287,P.J.,Dozier,1997.0,2017.0,20.0
287,288,Austin,Rivers,1993.0,2012.0,10.0
288,289,Trey,Burke,1993.0,2013.0,9.0
289,290,Malachi,Flynn,1998.0,2020.0,29.0
290,291,Wesley,Matthews,1987.0,2009.0,20.0
291,292,De'Andre,Hunter,1998.0,2019.0,4.0
292,293,Moritz,Wagner,1997.0,2018.0,25.0
293,294,Garrison,Mathews,1997.0,2019.0,20.0
294,295,James,Wiseman,2001.0,2020.0,2.0
295,296,Aron,Baynes,1987.0,2009.0,20.0
296,297,Ty,Jerome,1998.0,2019.0,24.0
297,298,George,Hill,1986.0,2008.0,26.0
298,299,LaMarcus,Aldridge,1986.0,2006.0,2.0
299,300,Isaiah,Hartenstein,1998.0,2017.0,43.0
300,301,Kira,Lewis,2001.0,2020.0,13.0
301,302,Eric,Gordon,1988.0,2008.0,7.0
302,303,Yuta,Watanabe,1995.0,2018.0,20.0
303,304,Tony,Snell,1992.0,2013.0,20.0
304,305,Kevin,Porter,2000.0,2019.0,30.0
305,306,Timothe,Luwawu-Cabarrot,1995.0,2016.0,24.0
306,307,Saben,Lee,2000.0,2020.0,38.0
307,308,Cam,Reddish,2000.0,2019.0,10.0
308,309,Frank,Kaminsky,1993.0,2015.0,9.0
309,310,Oshae,Brissett,1999.0,2019.0,20.0
310,311,Gary,Harris,1995.0,2014.0,19.0
311,312,Jaylen,Nowell,2000.0,2019.0,43.0
312,313,Obi,Toppin,1998.0,2020.0,8.0
313,314,John,Konchar,1996.0,2019.0,20.0
314,315,Cody,Martin,1996.0,2019.0,36.0
315,316,Mike,Muscala,1992.0,2013.0,44.0
316,317,Jevon,Carter,1996.0,2018.0,32.0
317,318,David,Nwaba,1993.0,2016.0,20.0
318,319,Kevin,Love,1989.0,2008.0,5.0
319,320,Hassan,Whiteside,1989.0,2010.0,33.0
320,321,Ben,McLemore,1993.0,2013.0,7.0
321,322,Jaren,Jackson Jr.,2000.0,2018.0,4.0
322,323,Moe,Harkless,1993.0,2012.0,15.0
323,324,R.J.,Hampton,2001.0,2020.0,24.0
324,325,Mychal,Mulder,1994.0,2019.0,20.0
325,326,Jake,Layman,1994.0,2016.0,47.0
326,327,Danuel,House,1993.0,2016.0,20.0
327,328,Caleb,Martin,1996.0,2019.0,20.0
328,329,Frank,Jackson,1998.0,2017.0,31.0
329,330,Damian,Jones,1996.0,2016.0,30.0
330,331,Otto,Porter,1993.0,2013.0,3.0
331,332,Naji,Marshall,1998.0,2020.0,20.0
332,333,Mike,Scott,1989.0,2012.0,43.0
333,334,Aaron,Nesmith,2000.0,2020.0,14.0
334,335,J.J.,Redick,1985.0,2006.0,11.0
335,336,Killian,Hayes,2002.0,2020.0,7.0
336,337,Nemanja,Bjelica,1988.0,2010.0,35.0
337,338,Juan,Hernangomez,1996.0,2016.0,15.0
338,339,Chasson,Randle,1993.0,2015.0,20.0
339,340,Chimezie,Metu,1997.0,2018.0,49.0
340,341,Eric,Paschall,1997.0,2019.0,41.0
341,342,Michael,Carter-Williams,1992.0,2013.0,11.0
342,343,Semi,Ojeleye,1995.0,2017.0,37.0
343,344,Precious,Achiuwa,2000.0,2020.0,20.0
344,345,Dylan,Windler,1997.0,2020.0,26.0
345,346,Damyean,Dotson,1994.0,2017.0,44.0
346,347,Rodney,Hood,1993.0,2014.0,23.0
347,348,Dennis,Smith Jr.,1998.0,2017.0,9.0
348,349,Gabe,Vincent,1996.0,2018.0,20.0
349,350,Nassir,Little,2000.0,2019.0,25.0
350,351,Tyler,Johnson,1992.0,2013.0,20.0
351,352,Sekou,Doumbouya,2000.0,2019.0,15.0
352,353,Thanasis,Antetokounmpo,1993.0,2014.0,51.0
353,354,Justin,Jackson,1995.0,2017.0,15.0
354,355,Patrick,Patterson,1989.0,2010.0,14.0
355,356,Javonte,Green,1994.0,2015.0,20.0
356,357,D.J.,Wilson,1996.0,2017.0,17.0
357,358,Armoni,Brooks,1998.0,2019.0,20.0
358,359,Kelan,Martin,1996.0,2018.0,20.0
359,360,Luke,Kornet,1996.0,2017.0,20.0
360,361,Freddie,Gillespie,1997.0,2020.0,20.0
361,362,Dewayne,Dedmon,1990.0,2013.0,20.0
362,363,Avery,Bradley,1991.0,2010.0,19.0
363,364,Al-Farouq,Aminu,1991.0,2010.0,8.0
364,365,Lamar,Stevens,1998.0,2020.0,20.0
365,366,Boban,Marjanovic,1989.0,2010.0,20.0
366,367,E'Twaun,Moore,1989.0,2011.0,55.0
367,368,Jordan,Nwora,1999.0,2020.0,45.0
368,369,DaQuan,Jeffries,1997.0,2019.0,20.0
369,370,Max,Strus,1996.0,2019.0,20.0
370,371,Abdel,Nader,1994.0,2016.0,58.0
371,372,Ed,Davis,1989.0,2010.0,13.0
372,373,Troy,Brown Jr,2000.0,2018.0,15.0
373,374,Brandon,Goodwin,1996.0,2018.0,20.0
374,375,Kevin,Knox,2000.0,2018.0,9.0
375,376,Nicolo,Melli,1991.0,2013.0,20.0
376,377,Alize,Johnson,1996.0,2018.0,50.0
377,378,Gary,Clark,1995.0,2018.0,20.0
378,379,Langston,Galloway,1992.0,2014.0,20.0
379,380,Miye,Oni,1998.0,2019.0,58.0
380,381,Skylar,Mays,1998.0,2020.0,50.0
381,382,Zeke,Nnaji,2001.0,2020.0,22.0
382,383,Harry,Giles,1998.0,2017.0,20.0
383,384,Nico,Mannion,2001.0,2020.0,48.0
384,385,Tremont,Waters,1998.0,2019.0,51.0
385,386,Thomas,Bryant,1998.0,2017.0,42.0
386,387,Chandler,Hutchison,1996.0,2018.0,22.0
387,388,Paul,Reed,1999.0,2020.0,58.0
388,389,Jarrett,Culver,1999.0,2019.0,6.0
389,390,Shaq,Harrison,1994.0,2013.0,20.0
390,391,Jahlil,Okafor,1995.0,2015.0,3.0
391,392,Trent,Forrest,1998.0,2020.0,20.0
392,393,Justin,Patton,1997.0,2017.0,16.0
393,394,Ryan,Arcidiacono,1994.0,2016.0,20.0
394,395,Darius,Miller,1990.0,2012.0,46.0
395,396,Justise,Winslow,1996.0,2015.0,10.0
396,397,Isaiah,Joe,2000.0,2020.0,49.0
397,398,Anthony,Lamb,1998.0,2020.0,20.0
398,399,Mfiondu,Kabengele,1998.0,2019.0,27.0
399,400,Tyler,Cook,1998.0,2019.0,20.0
400,401,Anthony,Gill,1993.0,2016.0,20.0
401,402,Brodric,Thomas,1998.0,2020.0,20.0
402,403,Isaac,Bonga,2000.0,2018.0,39.0
403,404,Wesley,Iwundu,1994.0,2017.0,33.0
404,405,Sam,Merrill,1996.0,2020.0,60.0
405,406,Vlatko,Cancar,1997.0,2017.0,49.0
406,407,Josh,Green,2001.0,2020.0,18.0
407,408,Jaylen,Hoard,1999.0,2019.0,20.0
408,409,Nathan,Knight,1998.0,2020.0,20.0
409,410,Khyri,Thomas,1996.0,2018.0,38.0
410,411,Paul,Watson,1994.0,2017.0,20.0
411,412,Amir,Coffey,1998.0,2019.0,20.0
412,413,JaKarr,Sampson,1993.0,2014.0,20.0
413,414,Reggie,Perry,2000.0,2020.0,57.0
414,415,KZ,Okpala,1999.0,2019.0,32.0
415,416,Glenn,Robinson III,1994.0,2014.0,40.0
416,417,Jabari,Parker,1995.0,2014.0,2.0
417,418,Mike,James,1991.0,2012.0,20.0
418,419,Chris,Chiozza,1996.0,2018.0,20.0
419,420,Donta,Hall,1998.0,2019.0,20.0
420,421,Trey,Lyles,1996.0,2015.0,12.0
421,422,Wenyen,Gabriel,1997.0,2018.0,20.0
422,423,Frank,Ntilikina,1999.0,2017.0,8.0
423,424,Romeo,Langford,2000.0,2019.0,14.0
424,425,Luka,Samanic,2000.0,2019.0,19.0
425,426,Tre,Jones,2000.0,2020.0,41.0
426,427,Ersan,Ilyasova,1987.0,2005.0,36.0
427,428,Jalen,Harris,1999.0,2020.0,59.0
428,429,Carsen,Edwards,1998.0,2019.0,33.0
429,430,Rodney,McGruder,1992.0,2013.0,20.0
430,431,Keita,Bates-Diop,1996.0,2018.0,48.0
431,432,Matt,Thomas,1995.0,2017.0,20.0
432,433,Cassius,Winston,,,
433,434,Anthony,Tolliver,,,
434,435,Kris,Dunn,,,
435,436,Bruno,Fernando,,,
436,437,RJ,Barrett,,,
437,438,Jared,Harper,,,
438,439,Kevin,Knox II,,,
439,440,Norvel,Pelle,,,
440,441,Theo,Pinson,,,
441,442,Tim,Frazier,,,
442,443,Killian,Tillie,,,
443,444,Jarrell,Brantley,,,
444,445,Juwan,Morgan,,,
445,446,Robert,Williams III,,,
446,447,Jared,Dudley,,,
447,448,Alfonzo,McKinnie,,,
448,449,Ty-Shon,Alexander,,,
449,450,Jalen,Smith,,,
450,451,Tyler,Bey,,,
451,452,Nate,Hinton,,,
452,453,Marcus,Morris Sr.,,,
453,454,Yogi,Ferrell,,,
454,455,Udonis,Haslem,,,
455,456,Elijah,Bryant,,,
456,457,Mamadi,Diakite,,,
457,458,Axel,Toupane,,,
458,459,CJ,McCollum,,,
459,460,Derrick,Jones Jr.,,,
460,461,Rondae,Hollis-Jefferson,,,
461,462,Harry,Giles III,,,
462,463,T.J.,Leaf,,,
463,464,CJ,Elleby,,,
464,465,Keljin,Blevins,,,
465,466,Markus,Howard,,,
466,467,Shaquille,Harrison,,,
467,468,Bol,Bol,,,
468,469,Udoka,Azubuike,,,
469,470,Jordan,Bell,,,
470,471,Gary,Payton II,,,
471,472,Alen,Smailagic,,,
472,473,Cassius,Stanley,,,
473,474,Amida,Brimah,,,
474,475,Lonnie,Walker IV,,,
475,476,Quinndary,Weatherspoon,,,
476,477,P.J.,Washington,,,
477,478,Vernon,Carey Jr.,,,
478,479,Grant,Riller,,,
479,480,Nick,Richards,,,
480,481,Nate,Darling,,,
481,482,Tacko,Fall,,,
482,483,Jontay,Porter,,,
483,484,Cameron,Oliver,,,
484,485,Cameron,Reynolds,,,
485,486,Danuel,House Jr.,,,
486,487,Kevin,Porter Jr.,,,
487,488,Jeremiah,Martin,,,
488,489,Anderson,Varejao,,,
489,490,Ignas,Brazdeikis,,,
490,491,Sindarius,Thornwell,,,
491,492,Rayjon,Tucker,,,
492,493,Cristiano,Felicio,,,
493,494,Devon,Dotson,,,
494,495,Adam,Mokoka,,,
495,496,Juancho,Hernangomez,,,
496,497,Didi,Louzada,,,
497,498,Kira,Lewis Jr.,,,
498,499,James,Nunnally,,,
499,500,Wes,Iwundu,,,
500,501,Daniel,Oturu,,,
501,502,Jay,Scrubb,,,
502,503,Josh,Hall,,,
503,504,Charlie,Brown Jr.,,,
504,505,Gabriel,Deck,,,
505,506,Louis,King,,,
506,507,Jahmi'us,Ramsey,,,
507,508,Kyle,Guy,,,
508,509,Robert,Woodard II,,,
509,510,Maurice,Harkless,,,
510,511,Justin,James,,,
511,512,Devontae,Cacok,,,
512,513,Deividas,Sirvydis,,,
513,514,Elijah,Hughes,,,
514,515,Kostas,Antetokounmpo,,,
515,516,JJ,Redick,,,
516,517,Rodions,Kurucs,,,
517,518,James,Ennis III,,,
518,519,PJ,Dozier,,,
519,520,OG,Anunoby,,,
520,521,Sean,McDermott,,,
521,522,Robert,Franks,,,
522,523,Mason,Jones,,,
523,524,Chris,Silva,,,
524,525,Zach,Collins,,,
525,526,Matthew,Dellavedova,,,
526,527,Devin,Cannady,,,
527,528,Justin,Robinson,,,
528,529,Brian,Bowen II,,,
529,530,Troy,Brown Jr.,,,
530,531,Malik,Fitts,,,
531,532,Karim,Mane,,,
532,533,Isaiah,Thomas,,,
533,534,Patrick,McCaw,,,
534,535,Jerome,Robinson,,,
535,536,Will,Magnay,,,
536,537,Greg,Whittington,,,
537,538,Otto,Porter Jr.,,,
538,539,Quinn,Cook,,,
539,540,Markelle,Fultz,,,
540,541,Jonathan,Isaac,,,
541,542,Terrance,Ferguson,,,
542,543,Vincent,Poirier,,,
543,544,Jalen,Lecque,,,
544,545,Meyers,Leonard,,,
545,546,Tyrell,Terry,,,
546,547,Anzejs,Pasecniks,,,
547,548,Dante,Exum,,,
548,549,Thon,Maker,,,
549,550,Marques,Bolden,,,
550,551,Dakota,Mathias,,,
551,552,Jordan,Bone,,,
552,553,Bruno,Caboclo,,,
553,554,T.J.,Warren,,,
554,555,Spencer,Dinwiddie,,,
555,556,Marquese,Chriss,,,
556,557,Jaylen,Adams,,,
557,558,Henry,Ellenson,,,
558,559,Andre,Roberson,,,
559,560,Iman,Shumpert,,,
560,561,Noah,Vonleh,,,
561,562,Ray,Spalding,,,
562,563,Frank,Mason,,,
563,564,Ashton,Hagans,,,
564,565,Chris,Clemons,,,
565,566,Omari,Spellman,,,
566,567,Xavier,Sneed,,,
567,568,Javin,DeLaurier,,,
568,569,Kahlil,Whitney,,,
569,570,Keandre,Cook,,,
570,571,Jon,Teske,,,
571,572,Dzanan,Musa,,,
572,573,Ahmad,Caver,,,
573,574,Shaq,Buchanan,,,
574,575,Bennie,Boatwright,,,
575,576,Justin,Anderson,,,
576,577,Naz,Mitrou-Long,,,
577,578,Rayshaun,Hammonds,,,
578,579,BJ,Johnson,,,
579,580,Levi,Randolph,,,
580,581,Matt,Mooney,,,
581,582,Charles,Matthews,,,
582,583,Myles,Powell,,,
583,584,Bryce,Brown,,,
584,585,Michael,Kidd-Gilchrist,,,
585,586,Paul,Eboua,,,
586,587,Elie,Okobo,,,
587,588,Amile,Jefferson,,,
588,589,Nik,Stauskas,,,
589,590,Treveon,Graham,,,
590,591,Rawle,Alkins,,,
591,592,Ike,Anigbogu,,,
592,593,Tony,Carr,,,
593,594,Jarrod,Uthoff,,,
594,595,Simisola,Shittu,,,
595,596,Zach,Norvell Jr.,,,
596,597,Admiral,Schofield,,,
597,598,Johnathan,Motley,,,
598,599,Yoeli,Childs,,,
599,600,Caleb,Homesley,,,
600,601,Marlon,Taylor,,,
601,602,Tyler,Zeller,,,
602,603,Gerald,Green,,,
603,604,Ade,Murkey,,,
604,605,Courtney,Lee,,,
605,606,Kaleb,Wesson,,,
606,607,Dwayne,Sutton,,,
607,608,Klay,Thompson,,,
608,609,Vincent,Edwards,,,
609,610,Trevon,Bluiett,,,
610,611,Romaro,Gill,,,
611,612,Trevon,Scott,,,
612,613,Jake,Toolson,,,
613,614,Jerian,Grant,,,
614,615,Trevelin,Queen,,,
615,616,Kenny,Wooten,,,
616,617,Breein,Tyree,,,
617,618,E.J.,Montgomery,,,
618,619,Jahlil,Tripp,,,
619,620,Nigel,Williams-Goss,,,
620,621,LiAngelo,Ball,,,
621,622,Ky,Bowman,,,
622,623,Jordan,Ford,,,
623,624,Marko,Guduric,,,
624,625,Skal,Labissiere,,,
625,626,JR,Smith,,,
626,627,Troy,Daniels,,,
627,628,Joakim,Noah,,,
628,629,Michael,Frazier,,,
629,630,DeMarre,Carroll,,,
630,631,Luc,Mbah a Moute,,,
631,632,Malcolm,Miller,,,
632,633,Tyson,Chandler,,,
633,634,Marvin,Williams,,,
634,635,Kyle,Korver,,,
635,636,Dion,Waiters,,,
636,637,Emmanuel,Mudiay,,,
637,638,Josh,Reaves,,,
638,639,Antonius,Cleveland,,,
639,640,J.J.,Barea,,,
640,641,Melvin,Frazier Jr.,,,
641,642,Vic,Law,,,
642,643,Mario,Hezonja,,,
643,644,Kyle,O'Quinn,,,
644,645,Marial,Shayok,,,
645,646,Lance,Thomas,,,
646,647,Deonte,Burton,,,
647,648,Dewan,Hernandez,,,
648,649,Kyle,Alexander,,,
649,650,Devon,Hall,,,
650,651,Kevin,Hervey,,,
651,652,Johnathan,Williams,,,
652,653,Ian,Mahinmi,,,
653,654,Corey,Brewer,,,
654,655,Cheick,Diallo,,,
655,656,Marco,Belinelli,,,
656,657,Justin,Wright-Foreman,,,
657,658,Zylan,Cheatham,,,
658,659,Shabazz,Napier,,,
659,660,Jamal,Crawford,,,
660,661,Caleb,Swanigan,,,
661,662,Brandon,Knight,,,
662,663,Jordan,McRae,,,
663,664,Vince,Carter,,,
664,665,Joe,Chealey,,,
665,666,Sheldon,Mac,,,
666,667,Ante,Zizic,,,
667,668,Evan,Turner,,,
668,669,Thabo,Sefolosha,,,
669,670,Dragan,Bender,,,
670,671,Wilson,Chandler,,,
671,672,Sir'Dominic,Pointer,,,
672,673,John,Henson,,,
673,674,Allonzo,Trier,,,
674,675,Derrick,Walton Jr.,,,
675,676,TJ,Leaf,,,
676,677,Jacob,Evans,,,
677,678,Dusty,Hannahs,,,
678,679,Jonah,Bolden,,,
679,680,Allen,Crabbe,,,
680,681,J.P.,Macura,,,
681,682,Malik,Newman,,,
682,683,Jeremy,Pargo,,,
683,684,Tariq,Owens,,,
684,685,William,Howard,,,
685,686,Charles,Brown Jr.,,,
686,687,Ryan,Broekhoff,,,
687,688,Zhaire,Smith,,,
688,689,Kadeem,Allen,,,
689,690,Eric,Mika,,,
690,691,Josh,Gray,,,
691,692,Josh,Magette,,,
692,693,Shamorie,Ponds,,,
693,694,Chandler,Parsons,,,
694,695,Daryl,Macon,,,
695,696,Tyrone,Wallace,,,
696,697,Pau,Gasol,,,
697,698,Andrew,Bynum,,,
698,699,Kobe,Bryant,,,
699,700,Derek,Fisher,,,
700,701,Lamar,Odom,,,
701,702,Luke,Walton,,,
702,703,Jordan,Farmar,,,
703,704,Sasha,Vujacic,,,
704,705,Shannon,Brown,,,
705,706,DJ,Mbenga,,,
706,707,Josh,Powell,,,
707,708,Hedo,Turkoglu,,,
708,709,Rashard,Lewis,,,
709,710,Rafer,Alston,,,
710,711,Mickael,Pietrus,,,
711,712,Jameer,Nelson,,,
712,713,Tony,Battie,,,
713,714,Marcin,Gortat,,,
714,715,Adonal,Foyle,,,
715,716,Anthony,Johnson,,,
716,717,Zydrunas,Ilgauskas,,,
717,718,Delonte,West,,,
718,719,Mo,Williams,,,
719,720,Ben,Wallace,,,
720,721,Daniel,Gibson,,,
721,722,Wally,Szczerbiak,,,
722,723,Sasha,Pavlovic,,,
723,724,Tarence,Kinsey,,,
724,725,Darnell,Jackson,,,
725,726,Joe,Smith,,,
726,727,Tyronn,Lue,,,
727,728,Kenyon,Martin,,,
728,729,Nene,,,,
729,730,Dahntay,Jones,,,
730,731,Chauncey,Billups,,,
731,732,Chris,Andersen,,,
732,733,Anthony,Carter,,,
733,734,Linas,Kleiza,,,
734,735,Jason,Hart,,,
735,736,Johan,Petro,,,
736,737,Renaldo,Balkman,,,
737,738,Steven,Hunter,,,
738,739,Shane,Battier,,,
739,740,Luis,Scola,,,
740,741,Chuck,Hayes,,,
741,742,Metta,World Peace,,,
742,743,Aaron,Brooks,,,
743,744,Carl,Landry,,,
744,745,Von,Wafer,,,
745,746,Brent,Barry,,,
746,747,Brian,Cook,,,
747,748,James,White,,,
748,749,Joey,Dorsey,,,
749,750,Paul,Pierce,,,
750,751,Glen,Davis,,,
751,752,Kendrick,Perkins,,,
752,753,Ray,Allen,,,
753,754,Eddie,House,,,
754,755,Brian,Scalabrine,,,
755,756,Stephon,Marbury,,,
756,757,Tony,Allen,,,
757,758,Gabe,Pruitt,,,
758,759,Mikki,Moore,,,
759,760,Henry,Walker,,,
760,761,Josh,Howard,,,
761,762,Dirk,Nowitzki,,,
762,763,Erick,Dampier,,,
763,764,Jason,Terry,,,
764,765,Jason,Kidd,,,
765,766,Brandon,Bass,,,
766,767,Antoine,Wright,,,
767,768,James,Singleton,,,
768,769,Ryan,Hollins,,,
769,770,Matt,Carroll,,,
770,771,Josh,Smith,,,
771,772,Joe,Johnson,,,
772,773,Mike,Bibby,,,
773,774,Maurice,Evans,,,
774,775,Flip,Murray,,,
775,776,Zaza,Pachulia,,,
776,777,Mario,West,,,
777,778,Thomas,Gardner,,,
778,779,Solomon,Jones,,,
779,780,Acie,Law,,,
780,781,Yao,Ming,,,
781,782,Othello,Hunter,,,
782,783,Randolph,Morris,,,
783,784,Jeremy,Richardson,,,
784,785,Adam,Morrison,,,
785,786,James,Jones,,,
786,787,Joel,Anthony,,,
787,788,Dwyane,Wade,,,
788,789,Mario,Chalmers,,,
789,790,Michael,Beasley,,,
790,791,Daequan,Cook,,,
791,792,Jermaine,O'Neal,,,
792,793,Jamaal,Magloire,,,
793,794,Chris,Quinn,,,
794,795,Yakhouba,Diawara,,,
795,796,Dorell,Wright,,,
796,797,John,Salmons,,,
797,798,Tyrus,Thomas,,,
798,799,Ben,Gordon,,,
799,800,Brad,Miller,,,
800,801,Kirk,Hinrich,,,
801,802,Lindsey,Hunter,,,
802,803,Aaron,Gray,,,
803,804,Linton,Johnson,,,
804,805,Anthony,Roberson,,,
805,806,Tim,Thomas,,,
806,807,Samuel,Dalembert,,,
807,808,Willie,Green,,,
808,809,Andre,Miller,,,
809,810,Theo,Ratliff,,,
810,811,Donyell,Marshall,,,
811,812,Marreese,Speights,,,
812,813,Royal,Ivey,,,
813,814,Reggie,Evans,,,
814,815,Kareem,Rush,,,
815,816,Rudy,Fernandez,,,
816,817,Joel,Przybilla,,,
817,818,Brandon,Roy,,,
818,819,Steve,Blake,,,
819,820,Travis,Outlaw,,,
820,821,Greg,Oden,,,
821,822,Sergio,Rodriguez,,,
822,823,Channing,Frye,,,
823,824,Jerryd,Bayless,,,
824,825,Michael,Ruffin,,,
825,826,Peja,Stojakovic,,,
826,827,David,West,,,
827,828,Hilton,Armstrong,,,
828,829,Rasual,Butler,,,
829,830,Sean,Marks,,,
830,831,James,Posey,,,
831,832,Julian,Wright,,,
832,833,Antonio,Daniels,,,
833,834,Ryan,Bowen,,,
834,835,Devin,Brown,,,
835,836,Morris,Peterson,,,
836,837,Bruce,Bowen,,,
837,838,Tim,Duncan,,,
838,839,Matt,Bonner,,,
839,840,Michael,Finley,,,
840,841,Tony,Parker,,,
841,842,Kurt,Thomas,,,
842,843,Roger,Mason Jr.,,,
843,844,Ime,Udoka,,,
844,845,Drew,Gooden,,,
845,846,Fabricio,Oberto,,,
846,847,Jacque,Vaughn,,,
847,848,Andrei,Kirilenko,,,
848,849,Carlos,Boozer,,,
849,850,Mehmet,Okur,,,
850,851,Ronnie,Brewer,,,
851,852,Deron,Williams,,,
852,853,Brevin,Knight,,,
853,854,CJ,Miles,,,
854,855,Matt,Harpring,,,
855,856,Ronnie,Price,,,
856,857,Jarron,Collins,,,
857,858,Tayshaun,Prince,,,
858,859,Antonio,McDyess,,,
859,860,Rasheed,Wallace,,,
860,861,Richard,Hamilton,,,
861,862,Rodney,Stuckey,,,
862,863,Will,Bynum,,,
863,864,Jason,Maxiell,,,
864,865,Arron,Afflalo,,,
865,866,Walter,Herrmann,,,
866,867,Amir,Johnson,,,
867,868,Kwame,Brown,,,
868,869,Walter,Sharpe,,,
869,870,Jamario,Moon,,,
870,871,Kyrylo,Fesenko,,,
871,872,Speedy,Claxton,,,
872,873,Dikembe,Mutombo,,,
873,874,Leon,Powe,,,
874,875,Ryan,Anderson,,,
875,876,Trenton,Hassell,,,
876,877,Keyon,Dooling,,,
877,878,Chris,Douglas-Roberts,,,
878,879,Jarvis,Hayes,,,
879,880,Maurice,Ager,,,
880,881,Bobby,Simmons,,,
881,882,Josh,Boone,,,
882,883,Yi,Jianlian,,,
883,884,Sean,Williams,,,
884,885,Devin,Harris,,,
885,886,Al,Harrington,,,
886,887,David,Lee,,,
887,888,Jared,Jeffries,,,
888,889,Chris,Duhon,,,
889,890,Quentin,Richardson,,,
890,891,Nate,Robinson,,,
891,892,Larry,Hughes,,,
892,893,Chris,Wilcox,,,
893,894,Joe,Crawford,,,
894,895,Mouhamed,Sene,,,
895,896,Chris,Hunter,,,
896,897,Andres,Nocioni,,,
897,898,Jason,Thompson,,,
898,899,Ike,Diogu,,,
899,900,Francisco,Garcia,,,
900,901,Beno,Udrih,,,
901,902,Bobby,Jackson,,,
902,903,Rashad,McCants,,,
903,904,Donte,Greene,,,
904,905,Cedric,Simmons,,,
905,906,Calvin,Booth,,,
906,907,Spencer,Hawes,,,
907,908,Kevin,Martin,,,
908,909,Brian,Cardinal,,,
909,910,Mark,Madsen,,,
910,911,Jason,Collins,,,
911,912,Mike,Miller,,,
912,913,Kevin,Ollie,,,
913,914,Sebastian,Telfair,,,
914,915,Craig,Smith,,,
915,916,Ryan,Gomes,,,
916,917,Rodney,Carney,,,
917,918,Shelden,Williams,,,
918,919,Bobby,Brown,,,
919,920,Kelenna,Azubuike,,,
920,921,Anthony,Randolph,,,
921,922,Ronny,Turiaf,,,
922,923,Anthony,Morrow,,,
923,924,C.J.,Watson,,,
924,925,Andris,Biedrins,,,
925,926,Rob,Kurz,,,
926,927,Monta,Ellis,,,
927,928,Corey,Maggette,,,
928,929,Brandan,Wright,,,
929,930,Matt,Barnes,,,
930,931,Grant,Hill,,,
931,932,Shaquille,O'Neal,,,
932,933,Jason,Richardson,,,
933,934,Steve,Nash,,,
934,935,Leandro,Barbosa,,,
935,936,Lou,Amundson,,,
936,937,Stromile,Swift,,,
937,938,Alando,Tucker,,,
938,939,Nenad,Krstic,,,
939,940,Shaun,Livingston,,,
940,941,Nick,Collison,,,
941,942,Earl,Watson,,,
942,943,Kyle,Weaver,,,
943,944,DJ,White,,,
944,945,Damien,Wilkins,,,
945,946,Chucky,Atkins,,,
946,947,Malik,Rose,,,
947,948,Fred,Jones,,,
948,949,Marcus,Camby,,,
949,950,Chris,Kaman,,,
950,951,Baron,Davis,,,
951,952,Mike,Taylor,,,
952,953,Steve,Novak,,,
953,954,Alex,Acker,,,
954,955,Mardy,Collins,,,
955,956,Zach,Randolph,,,
956,957,Brian,Skinner,,,
957,958,Melvin,Ely,,,
958,959,Gerald,Wallace,,,
959,960,Boris,Diaw,,,
960,961,Nazr,Mohammed,,,
961,962,Raymond,Felton,,,
962,963,Emeka,Okafor,,,
963,964,DeSagana,Diop,,,
964,965,Dontell,Jefferson,,,
965,966,Juwan,Howard,,,
966,967,Vladimir,Radmanovic,,,
967,968,Sean,May,,,
968,969,Cartier,Martin,,,
969,970,Mark,Blount,,,
970,971,Darrell,Arthur,,,
971,972,O.J.,Mayo,,,
972,973,Hakim,Warrick,,,
973,974,Marko,Jaric,,,
974,975,Darko,Milicic,,,
975,976,Hamed,Haddadi,,,
976,977,Greg,Buckner,,,
977,978,Darius,Miles,,,
978,979,Quinton,Ross,,,
979,980,Richard,Jefferson,,,
980,981,Dan,Gadzuric,,,
981,982,Charlie,Bell,,,
982,983,Ramon,Sessions,,,
983,984,Francisco,Elson,,,
984,985,Charlie,Villanueva,,,
985,986,Joe,Alexander,,,
986,987,Luke,Ridnour,,,
987,988,Malik,Allen,,,
988,989,Keith,Bogans,,,
989,990,Damon,Jones,,,
990,991,Danny,Granger,,,
991,992,Troy,Murphy,,,
992,993,Roy,Hibbert,,,
993,994,Brandon,Rush,,,
994,995,Jarrett,Jack,,,
995,996,Jeff,Foster,,,
996,997,T.J.,Ford,,,
997,998,Josh,McRoberts,,,
998,999,Stephen,Graham,,,
999,1000,Rasho,Nesterovic,,,
1000,1001,Travis,Diener,,,
1001,1002,Maceo,Baston,,,
1002,1003,Lorenzen,Wright,,,
1003,1004,Jawad,Williams,,,
1004,1005,Shawn,Marion,,,
1005,1006,Chris,Bosh,,,
1006,1007,Patrick,O'Bryant,,,
1007,1008,Anthony,Parker,,,
1008,1009,Jose,Calderon,,,
1009,1010,Pops,Mensah-Bonsu,,,
1010,1011,Roko,Ukic,,,
1011,1012,Joey,Graham,,,
1012,1013,Jason,Kapono,,,
1013,1014,Jake,Voskuhl,,,
1014,1015,Andrea,Bargnani,,,
1015,1016,Quincy,Douby,,,
1016,1017,Caron,Butler,,,
1017,1018,Darius,Songaila,,,
1018,1019,Dominic,McGuire,,,
1019,1020,Javaris,Crittenton,,,
1020,1021,Oleksiy,Pecherov,,,
1021,1022,Juan,Dixon,,,
1022,1023,Nick,Young,,,
1023,1024,Gilbert,Arenas,,,
1024,1025,Andray,Blatche,,,
1025,1026,Brendan,Haywood,,,
1026,1027,Antawn,Jamison,,,
1027,1028,Robert,Swift,,,
1028,1029,Al,Thornton,,,
1029,1030,Marcus,Williams,,,
1030,1031,DeMarcus,Nelson,,,
1031,1032,Courtney,Sims,,,
1032,1033,Sonny,Weems,,,
1033,1034,Eddy,Curry,,,
1034,1035,Ricky,Davis,,,
1035,1036,Will,Solomon,,,
1036,1037,Manu,Ginobili,,,
1037,1038,JJ,Hickson,,,
1038,1039,Stephen,Jackson,,,
1039,1040,Randy,Foye,,,
1040,1041,Raja,Bell,,,
1041,1042,Kevin,Garnett,,,
1042,1043,Allen,Iverson,,,
1043,1044,Shavlik,Randolph,,,
1044,1045,Luther,Head,,,
1045,1046,Nathan,Jawai,,,
1046,1047,Demetris,Nichols,,,
1047,1048,Marcus,Banks,,,
1048,1049,Cheikh,Samb,,,
1049,1050,Jermareo,Davidson,,,
1050,1051,Devean,George,,,
1051,1052,Marquis,Daniels,,,
1052,1053,J.R.,Giddens,,,
1053,1054,Malik,Hairston,,,
1054,1055,Chris,Mihm,,,
1055,1056,Luol,Deng,,,
1056,1057,Kosta,Koufos,,,
1057,1058,Etan,Thomas,,,
1058,1059,Alexis,Ajinca,,,
1059,1060,DeShawn,Stevenson,,,
1060,1061,Sun,Sun,,,
1061,1062,Trey,Johnson,,,
1062,1063,Eddie,Gill,,,
1063,1064,Kenny,Thomas,,,
1064,1065,Jerry,Stackhouse,,,
1065,1066,Amar'e,Stoudemire,,,
1066,1067,Sam,Cassell,,,
1067,1068,Jerome,James,,,
1068,1069,Morris,Almond,,,
1069,1070,Tracy,McGrady,,,
1070,1071,Sean,Singletary,,,
1071,1072,Al,Jefferson,,,
1072,1073,Mike,Dunleavy,,,
1073,1074,Elton,Brand,,,
1074,1075,Eduardo,Najera,,,
1075,1076,Andrew,Bogut,,,
1076,1077,Desmond,Mason,,,
1077,1078,Austin,Croshere,,,
1078,1079,Michael,Redd,,,
1079,1080,Kris,Humphries,,,
1080,1081,Shawne,Williams,,,
1081,1082,Steve,Francis,,,
1082,1083,Paul,Davis,,,
1083,1084,Hassan,Adams,,,
1084,1085,Steven,Hill,,,
1085,1086,Dee,Brown,,,
1086,1087,Blake,Ahearn,,,
1087,1088,Antoine,Walker,,,
1088,1089,Dwayne,Jones,,,
1089,1090,Martell,Webster,,,
1090,1091,Cuttino,Mobley,,,
1091,1092,Desmon,Farmer,,,
1092,1093,Andre,Brown,,,
1093,1094,Coby,Karl,,,
1094,1095,John,Lucas III,,,
1095,1096,Patrick,Ewing,,,
1096,1097,Brian,Hamilton,,,
1097,1098,Julius,Hodge,,,
1098,1099,Chris,Richard,,,
1099,1100,Roger,Powell,,,
1100,1101,Salim,Stoudamire,,,
1101,1102,JaJuan,Smith,,,
1102,1103,Jelani,McCoy,,,
1103,1104,Robert,Hite,,,
1104,1105,CJ,Giles,,,
1105,1106,Justin,Williams,,,
1106,1107,James,Mays,,,
1107,1108,Mateen,Cleaves,,,
1108,1109,Nick,Fazekas,,,
1109,1110,Ruben,Patterson,,,
1110,1111,Smush,Parker,,,
1111,1112,Dan,Grunfeld,,,
1112,1113,Brandon,Heath,,,
1113,1114,Antywane,Robinson,,,
1114,1115,Charles,Rhodes,,,
1115,1116,Reyshawn,Terry,,,
1116,1117,Darryl,Watkins,,,
1117,1118,DerMarr,Johnson,,,
1118,1119,Josh,Davis,,,
1119,1120,DJ,Strawberry,,,
1120,1121,Mike,Harris,,,
1121,1122,Dan,Dickau,,,
1122,1123,Richard,Hendrix,,,
1123,1124,Matt,Freije,,,
1124,1125,Cheyne,Gadson,,,
1125,1126,Ronald,Dupree,,,
1126,1127,Vernon,Hamilton,,,
1127,1128,Charles,Gaines,,,
1128,1129,Devin,Green,,,
1129,1130,Mike,Wilks,,,
1130,1131,Ron,Howard,,,
1131,1132,Gabe,Muoneke,,,
1132,1133,Gerry,McNamara,,,
1133,1134,Kevin,Lyde,,,
1134,1135,Curtis,Sumpter,,,
1135,1136,Jared,Jordan,,,
1136,1137,Chris,Alexander,,,
1137,1138,Derrick,Byars,,,
1138,1139,David,Padgett,,,
1139,1140,Jamaal,Tatum,,,
1140,1141,Luke,Jackson,,,
1141,1142,Bobby,Jones,,,
1142,1143,Noel,Felix,,,
1143,1144,Rafael,Araujo,,,
1144,1145,Kevin,Kruger,,,
1145,1146,Donell,Taylor,,,
1146,1147,Darius,Washington,,,
1147,1148,Elton,Brown,,,
1148,1149,Jared,Reiner,,,
1149,1150,David,Noel,,,
1150,1151,Dion,Dowell,,,
1151,1152,Adrian,Griffin,,,
1152,1153,Malick,Badiane,,,
1153,1154,Taj,McCullough,,,
1154,1155,Coleman,Collins,,,
1155,1156,Lance,Allred,,,
1156,1157,Jamal,Sampson,,,
1157,1158,Brent,Petway,,,
1158,1159,Kai,Zhang,,,
1159,1160,TJ,Cummings,,,
1160,1161,Eddie,Basden,,,
1161,1162,Omar,Barlett,,,
1162,1163,Ira,Newble,,,
1163,1164,P.J.,Brown,,,
1164,1165,Robert,Horry,,,
1165,1166,Damon,Stoudamire,,,
1166,1167,Jannero,Pargo,,,
1167,1168,Bonzi,Wells,,,
1168,1169,Billy,Thomas,,,
1169,1170,Carlos,Arroyo,,,
1170,1171,Pat,Garrity,,,
1171,1172,James,Augustine,,,
1172,1173,Josh,Childress,,,
1173,1174,Jason,Smith,,,
1174,1175,Gordan,Giricek,,,
1175,1176,Eric,Piatkowski,,,
1176,1177,Eddie,Jones,,,
1177,1178,Carlos,Delfino,,,
1178,1179,Primoz,Brezec,,,
1179,1180,Loren,Woods,,,
1180,1181,Aaron,Williams,,,
1181,1182,Kirk,Snyder,,,
1182,1183,Awvee,Storey,,,
1183,1184,Michael,Doleac,,,
1184,1185,Juan,Carlos Navarro,,,
1185,1186,Casey,Jacobsen,,,
1186,1187,Bostjan,Nachbar,,,
1187,1188,Darrell,Armstrong,,,
1188,1189,Stephane,Lasme,,,
1189,1190,Kasib,Powell,,,
1190,1191,Earl,Barron,,,
1191,1192,Jason,Williams,,,
1192,1193,Alexander,Johnson,,,
1193,1194,Earl,Boykins,,,
1194,1195,Derek,Anderson,,,
1195,1196,Othella,Harrington,,,
1196,1197,David,Harrison,,,
1197,1198,Andre,Owens,,,
1198,1199,Raef,LaFrentz,,,
1199,1200,Kosta,Perovic,,,
1200,1201,Chris,Webber,,,
1201,1202,Taurean,Green,,,
1202,1203,Darrick,Martin,,,
1203,1204,Mickael,Gelabale,,,
1204,1205,Eric,Snow,,,
1205,1206,Kaniel,Dickens,,,
1206,1207,Andre,Barrett,,,
1207,1208,Alonzo,Mourning,,,
1208,1209,Scot,Pollard,,,
1209,1210,Jeff,McInnis,,,
1210,1211,JamesOn,Curry,,,
1211,1212,Marcus,Vinicius,,,
1212,1213,Jamaal,Tinsley,,,
1213,1214,Viktor,Khryapa,,,
1214,1215,Adam,Haluska,,,
1215,1216,Guillermo,Diaz,,,
1216,1217,Richie,Frahm,,,
1217,1218,Keith,Langford,,,
1218,1219,Troy,Hudson,,,
1219,1220,Anfernee,Hardaway,,,
1220,1221,Orien,Greene,,,
1221,1222,Shareef,Abdur-Rahim,,,
1222,1223,Bo,Outlaw,,,
1223,1224,Jorge,Garbajosa,,,
1224,1225,Brandon,Wallace,,,
1225,1226,Mustafa,Shakur,,,
1226,1227,David,Wesley,,,
1227,1228,Justin,Reed,,,
1228,1229,Yaroslav,Korolev,,,
1229,1230,Steven,Smith,,,
1230,1231,Sammy,Mejia,,,
1231,1232,Walker,Russell,,,
1232,1233,Jackie,Manuel,,,
1233,1234,Brian,Chase,,,
1234,1235,Marcus,Slaughter,,,
1235,1236,Kris,Lang,,,
1236,1237,Lukasz,Obrzut,,,
1237,1238,Darvin,Ham,,,
1238,1239,Jared,Newson,,,
1239,1240,Mike,Hall,,,
1240,1241,Chris,Ellis,,,
1241,1242,Herbert,Hill,,,
1242,1243,Jared,Homan,,,
1243,1244,Jermaine,Jackson,,,
1244,1245,Jackie,Butler,,,
1245,1246,Andre,Patterson,,,
1246,1247,Larry,Turner,,,
1247,1248,Jameel,Watkins,,,
1248,1249,Darius,Rice,,,
1249,1250,Jumaine,Jones,,,
1250,1251,Mile,Ilic,,,
1251,1252,Anthony,Lever-Pedroza,,,
1252,1253,Tierre,Brown,,,
1253,1254,Damone,Brown,,,
1254,1255,Donnell,Harvey,,,
1255,1256,Allan,Houston,,,
1256,1257,Brad,Stricker,,,
1257,1258,Stacey,Augmon,,,
1258,1259,John,Edwards,,,
1259,1260,Tony,Massenburg,,,
1260,1261,Pat,Burke,,,
1261,1262,Rod,Benson,,,
1262,1263,JR,Pinnock,,,
1263,1264,Deji,Akindele,,,
1264,1265,Adam,Parada,,,
1265,1266,Brandon,Robinson,,,
1266,1267,Nik,Caner-Medley,,,
1267,1268,Rashid,Byrd,,,
1268,1269,Torrell,Martin,,,
1269,1270,Kimani,Ffriend,,,
1270,1271,Esteban,Batista,,,
1271,1272,Anthony,Richardson,,,
1272,1273,Chet,Mason,,,
1273,1274,Jamon,Lucas,,,
1274,1275,Willie,Deane,,,
1275,1276,Joseph,Blair,,,
1276,1277,Gerald,Fitch,,,
1277,1278,Wayne,Simien,,,
1278,1279,Dale,Davis,,,
1279,1280,Jalen,Rose,,,
1280,1281,Clifford,Robinson,,,
1281,1282,Michael,Sweetney,,,
1282,1283,Sarunas,Jasikevicius,,,
1283,1284,Bernard,Robinson,,,
1284,1285,Vassilis,Spanoulis,,,
1285,1286,Jake,Tsakalidis,,,
1286,1287,Kevin,Willis,,,
1287,1288,Shammond,Williams,,,
1288,1289,Gary,Payton,,,
1289,1290,Keith,McLeod,,,
1290,1291,Rawle,Marshall,,,
1291,1292,Marc,Jackson,,,
1292,1293,Daniel,Ewing,,,
1293,1294,Will,Conroy,,,
1294,1295,Randy,Livingston,,,
1295,1296,Danny,Fortson,,,
1296,1297,Luke,Schenscher,,,
1297,1298,Junior,Harrington,,,
1298,1299,Lawrence,Roberts,,,
1299,1300,Bracey,Wright,,,
1300,1301,Vitaly,Potapenko,,,
1301,1302,Corliss,Williamson,,,
1302,1303,Allan,Ray,,,
1303,1304,Lynn,Greer,,,
1304,1305,Damir,Markota,,,
1305,1306,Kelvin,Cato,,,
1306,1307,Alan,Anderson,,,
1307,1308,Alan,Henderson,,,
1308,1309,Uros,Slokar,,,
1309,1310,Pape,Sow,,,
1310,1311,Slava,Medvedenko,,,
1311,1312,Kevinn,Pinkney,,,
1312,1313,Will,Blalock,,,
1313,1314,Aaron,McKie,,,
1314,1315,Zeljko,Rebraca,,,
1315,1316,Michael,Olowokandi,,,
1316,1317,Scott,Padgett,,,
1317,1318,Eddie,Griffin,,,
1318,1319,Eric,Williams,,,
1319,1320,James,Lang,,,
1320,1321,Doug,Christie,,,
1321,1322,Renaldo,Major,,,
1322,1323,Alvin,Williams,,,
1323,1324,Dijon,Thompson,,,
1324,1325,Maurice,Taylor,,,
1325,1326,Andreas,Glyniadakis,,,
1326,1327,Chris,McCray,,,
1327,1328,Cedric,Bozeman,,,
1328,1329,Ivan,McFarlin,,,
1329,1330,Dajuan,Wagner,,,
1330,1331,Vin,Baker,,,
1331,1332,Ha,Ha,,,
1332,1333,Kevin,Burleson,,,
1333,1334,Martynas,Andriuskevicius,,,
1334,1335,Hiram,Fuller,,,
1335,1336,Matt,Walsh,,,
1336,1337,Vincent,Grier,,,
1337,1338,Ryan,Humphrey,,,
1338,1339,Zendon,Hamilton,,,
1339,1340,Milone,Clark,,,
1340,1341,Nikoloz,Tskitishvili,,,
1341,1342,Paul,Miller,,,
1342,1343,Rick,Brunson,,,
1343,1344,Luis,Flores,,,
1344,1345,Charles,Lee,,,
1345,1346,Jamar,Smith,,,
1346,1347,Melvin,Sanders,,,
1347,1348,Antoine,Hood,,,
1348,1349,Antonio,Burks,,,
1349,1350,Ndudi,Ebi,,,
1350,1351,Lamond,Murray,,,
1351,1352,Milt,Palacio,,,
1352,1353,Tyrone,Ellis,,,
1353,1354,Jay,Williams,,,
1354,1355,Dawan,Robinson,,,
1355,1356,Zarko,Cabarkapa,,,
1356,1357,Scooter,McFadgon,,,
1357,1358,Olu,Famutimi,,,
1358,1359,Rich,Melzer,,,
1359,1360,Michaela,Pavlickova,,,
1360,1361,Michelle,Snow,,,
1361,1362,Jimmie,Hunter,,,
1362,1363,Paul,Shirley,,,
1363,1364,Akin,Akingbala,,,
1364,1365,Kevin,Pittsnogle,,,
1365,1366,Daniel,Horton,,,
1366,1367,Donta,Smith,,,
1367,1368,Matt,Haryasz,,,
1368,1369,Davin,White,,,
1369,1370,Rick,Rickert,,,
1370,1371,Sean,Lampley,,,
1371,1372,Cezary,Trybanski,,,
1372,1373,LaVell,Blanchard,,,
1373,1374,Brandon,Bowman,,,
1374,1375,Denham,Brown,,,
1375,1376,Rob,Griffin,,,
1376,1377,Pat,Carroll,,,
1377,1378,Brandon,Hunter,,,
1378,1379,Ondrej,Starosta,,,
1379,1380,Pooh,Jeter,,,
1380,1381,Kenny,Adeleke,,,
1381,1382,Laron,Profit,,,
1382,1383,Joe,Shipp,,,
1383,1384,Shandon,Anderson,,,
1384,1385,Keith,Van Horn,,,
1385,1386,Brian,Grant,,,
1386,1387,Tony,Delk,,,
1387,1388,Nick,Van Exel,,,
1388,1389,Walter,McCarty,,,
1389,1390,John,Thomas,,,
1390,1391,Zoran,Planinic,,,
1391,1392,Jim,Jackson,,,
1392,1393,Toni,Kukoc,,,
1393,1394,Jiri,Welsch,,,
1394,1395,Ervin,Johnson,,,
1395,1396,Howard,Eisley,,,
1396,1397,Boniface,Ndong,,,
1397,1398,Maciej,Lampe,,,
1398,1399,Moochie,Norris,,,
1399,1400,Marcus,Fizer,,,
1400,1401,Arvydas,Macijauskas,,,
1401,1402,Voshon,Lenard,,,
1402,1403,Calbert,Cheaney,,,
1403,1404,Greg,Ostertag,,,
1404,1405,Pavel,Podkolzin,,,
1405,1406,Anthony,Grundy,,,
1406,1407,Qyntel,Woods,,,
1407,1408,Derrick,Zimmerman,,,
1408,1409,Michael,Bradley,,,
1409,1410,Lonny,Baxter,,,
1410,1411,Jackson,Vroman,,,
1411,1412,Sergei,Monia,,,
1412,1413,Reece,Gaines,,,
1413,1414,Robert,Whaley,,,
1414,1415,Antonio,Davis,,,
1415,1416,Mario,Kasun,,,
1416,1417,Bryon,Russell,,,
1417,1418,Charles,Smith,,,
1418,1419,Jon,Barry,,,
1419,1420,James,Thomas,,,
1420,1421,Terence,Morris,,,
1421,1422,Chris,Taft,,,
1422,1423,Peter,John Ramos,,,
1423,1424,Lee,Nailon,,,
1424,1425,Randy,Holcomb,,,
1425,1426,Sean,Banks,,,
1426,1427,Samaki,Walker,,,
1427,1428,Aaron,Miles,,,
1428,1429,Sharrod,Ford,,,
1429,1430,Kevin,Pritchard,,,
1430,1431,Alex,Scales,,,
1431,1432,Jonathan,Bender,,,
1432,1433,Anthony,Goldwire,,,
1433,1434,Deng,Gai,,,
1434,1435,Jamal,Mashburn,,,
1435,1436,Curtis,Borchardt,,,
1436,1437,Jahidi,White,,,
1437,1438,Obinna,Ekezie,,,
1438,1439,Lionel,Chalmers,,,
1439,1440,Tommy,Smith,,,
1440,1441,Corey,Williams,,,
1441,1442,Toree,Morris,,,
1442,1443,Bernie,Bickerstaff,,,
1443,1444,Tony,Bobbitt,,,
1444,1445,Spencer,Nelson,,,
1445,1446,Alex,Garcia,,,
1446,1447,Andre,Emmett,,,
1447,1448,Jamison,Brewer,,,
1448,1449,Otis,George,,,
1449,1450,Steven,Barber,,,
1450,1451,Scott,Skiles,,,
1451,1452,Justin,Davis,,,
1452,1453,Ray,Young,,,
1453,1454,Rodney,White,,,
1454,1455,Yuta,Tabuse,,,
1455,1456,Mark,Ayotte,,,
1456,1457,Violet,Palmer,,,
1457,1458,Luis,Grillo,,,
1458,1459,Jeff,Van Gundy,,,
1459,1460,Eric,Chenowith,,,
1460,1461,Antonio,Meeking,,,
1461,1462,Eric,Sandrin,,,
1462,1463,Adam,Chubb,,,
1463,1464,Arthur,Johnson,,,
1464,1465,Ben,Handlogten,,,
1465,1466,Ricky,Shields,,,
1466,1467,Ruben,Boumtje-Boumtje,,,
1467,1468,Ajani,Williams,,,
1468,1469,Lucas,Tischer,,,
1469,1470,D'or,Fischer,,,
1470,1471,Jason,Capel,,,
1471,1472,Nigel,Dixon,,,
1472,1473,Theron,Smith,,,
1473,1474,Steve,Castleberry,,,
1474,1475,Bryant,Matthews,,,
1475,1476,Robert,Pack,,,
1476,1477,Fred,Vinson,,,
1477,1478,Mark,Pope,,,
1478,1479,Erik,Daniels,,,
1479,1480,Mamadou,N'diaye,,,
1480,1481,Kennedy,Winston,,,
1481,1482,Filiberto,Rivera,,,
1482,1483,Ken,Johnson,,,
1483,1484,Troy,Bell,,,
1484,1485,Sam,Clancy,,,
1485,1486,Cory,Violette,,,
1486,1487,Todd,Day,,,
1487,1488,Marcus,Campbell,,,
1488,1489,Matt,Nelson,,,
1489,1490,Kyle,Bailey,,,
1490,1491,Herve,Lamizana,,,
1491,1492,Jason,Collier,,,
1492,1493,Mark,Strickland,,,
1493,1494,Mark,Karcher,,,
1494,1495,Felipe,Lopez,,,
1495,1496,Erick,Strickland,,,
1496,1497,Mengke,Bateer,,,
1497,1498,Kevin,Braswell,,,
1498,1499,Elden,Campbell,,,
1499,1500,Glenn,Robinson,,,
1500,1501,Christian,Laettner,,,
1501,1502,Shawn,Bradley,,,
1502,1503,Reggie,Miller,,,
1503,1504,Anthony,Peeler,,,
1504,1505,Bob,Sura,,,
1505,1506,Clar.,Weatherspoon,,,
1506,1507,Lawrence,Funderburke,,,
1507,1508,Wesley,Person,,,
1508,1509,Rodney,Rogers,,,
1509,1510,Travis,Best,,,
1510,1511,Rodney,Buford,,,
1511,1512,Jabari,Smith,,,
1512,1513,Mark,Jones,,,
1513,1514,Tom,Gugliotta,,,
1514,1515,Predrag,Drobnjak,,,
1515,1516,Michael,Stewart,,,
1516,1517,George,Lynch,,,
1517,1518,Robert,Traylor,,,
1518,1519,Lucious,Harris,,,
1519,1520,Omar,Cook,,,
1520,1521,Vlade,Divac,,,
1521,1522,Horace,Jenkins,,,
1522,1523,Cory,Alexander,,,
1523,1524,Torraye,Braggs,,,
1524,1525,Jerome,Williams,,,
1525,1526,Bruno,Sundov,,,
1526,1527,Latrell,Sprewell,,,
1527,1528,Fred,Hoiberg,,,
1528,1529,Daniel,Santiago,,,
1529,1530,Wang,Zhi-zhi,,,
1530,1531,Dion,Glover,,,
1531,1532,Maurice,Baker,,,
1532,1533,Kenny,Anderson,,,
1533,1534,Frank,Williams,,,
1534,1535,Andrew,DeClercq,,,
1535,1536,Ron,Mercer,,,
1536,1537,Scott,Williams,,,
1537,1538,Rod,Strickland,,,
1538,1539,Jerome,Moiso,,,
1539,1540,Raul,Lopez,,,
1540,1541,Kedrick,Brown,,,
1541,1542,Kerry,Kittles,,,
1542,1543,Ibrahim,Kutluay,,,
1543,1544,Courtney,Alexander,,,
1544,1545,Michael,Curry,,,
1545,1546,Brandin,Knight,,,
1546,1547,Corsley,Edwards,,,
1547,1548,Kendall,Gill,,,
1548,1549,Aleksandar,Radojevic,,,
1549,1550,Ansu,Sesay,,,
1550,1551,Kirk,Penney,,,
1551,1552,Charlie,Ward,,,
1552,1553,Marcus,Haislip,,,
1553,1554,Geno,Carlisle,,,
1554,1555,Tamar,Slay,,,
1555,1556,Tremaine,Fowlkes,,,
1556,1557,Britton,Johnsen,,,
1557,1558,Derrick,Coleman,,,
1558,1559,Tim,Pickett,,,
1559,1560,Anthony,Miller,,,
1560,1561,Romain,Sato,,,
1561,1562,Alton,Ford,,,
1562,1563,David,Bluthenthal,,,
1563,1564,Ricky,Minard,,,
1564,1565,Marcus,Hatten,,,
1565,1566,Jason,Sasser,,,
1566,1567,Rashad,Wright,,,
1567,1568,Brandon,Williams,,,
1568,1569,Juaquin,Hawkins,,,
1569,1570,Trajan,Langdon,,,
1570,1571,Vladimir,Stepania,,,
1571,1572,Jason,Miskiri,,,
1572,1573,Jerome,Beasley,,,
1573,1574,Derrick,Dial,,,
1574,1575,Galen,Young,,,
1575,1576,Derek,Hood,,,
1576,1577,Marque,Perry,,,
1577,1578,Tracy,Murray,,,
1578,1579,Blake,Stepp,,,
1579,1580,David,Hawkins,,,
1580,1581,Nate,Williams,,,
1581,1582,Brandon,Armstrong,,,
1582,1583,Mitchell,Butler,,,
1583,1584,Anwar,Ferguson,,,
1584,1585,Tony,Bland,,,
1585,1586,Ike,Nwankwo,,,
1586,1587,Jerry,Dupree,,,
1587,1588,Nate,Johnson,,,
1588,1589,Neil,Yanke,,,
1589,1590,Rick,Fox,,,
1590,1591,Karl,Malone,,,
1591,1592,Oliver,Miller,,,
1592,1593,Gary,Trent,,,
1593,1594,Maurice,Carter,,,
1594,1595,Mark,Jackson,,,
1595,1596,Dana,Barros,,,
1596,1597,Amal,McCaskill,,,
1597,1598,Sean,Rooks,,,
1598,1599,Corie,Blount,,,
1599,1600,Robert,Archibald,,,
1600,1601,Desmond,Ferguson,,,
1601,1602,J.R.,Bremer,,,
1602,1603,Avery,Johnson,,,
1603,1604,Popeye,Jones,,,
1604,1605,Chris,Crawford,,,
1605,1606,Travis,Hansen,,,
1606,1607,Ernest,Brown,,,
1607,1608,John,Wallace,,,
1608,1609,Jeff,Trepagnier,,,
1609,1610,Doug,Overton,,,
1610,1611,Chris,Jefferies,,,
1611,1612,Eddie,Robinson,,,
1612,1613,Leon,Smith,,,
1613,1614,Charles,Oakley,,,
1614,1615,Chris,Whitney,,,
1615,1616,Hubert,Davis,,,
1616,1617,Horace,Grant,,,
1617,1618,Bimbo,Coles,,,
1618,1619,Rusty,LaRue,,,
1619,1620,Desmond,Penigar,,,
1620,1621,Chris,Mills,,,
1621,1622,Bryce,Drew,,,
1622,1623,Keon,Clark,,,
1623,1624,Scottie,Pippen,,,
1624,1625,Paul,Grant,,,
1625,1626,Slavko,Vranes,,,
1626,1627,Glen,Rice,,,
1627,1628,John,Amaechi,,,
1628,1629,Olden,Polynice,,,
1629,1630,Monty,Williams,,,
1630,1631,Cherokee,Parks,,,
1631,1632,Quincy,Lewis,,,
1632,1633,Dan,Langhi,,,
1633,1634,Tyrone,Hill,,,
1634,1635,Shane,Heal,,,
1635,1636,Carl,English,,,
1636,1637,Michael,Smith,,,
1637,1638,Peter,Cornell,,,
1638,1639,Chris,Carr,,,
1639,1640,Justin,Hamilton,,,
1640,1641,Ronald,Blackshear,,,
1641,1642,Travis,Knight,,,
1642,1643,A.J.,Guyton,,,
1643,1644,Tang,Hamilton,,,
1644,1645,Jon,Stefansson,,,
1645,1646,Tariq,Abdul-Wahad,,,
1646,1647,Rick,Apodaca,,,
1647,1648,Nick,Sheppard,,,
1648,1649,Joe,Crispin,,,
1649,1650,Robb,Dryden,,,
1650,1651,David,Jackson,,,
1651,1652,Jason,Jennings,,,
1652,1653,Richard,Jeter,,,
1653,1654,Shelton,Jones,,,
1654,1655,Ademola,Okulaja,,,
1655,1656,Demetrius,Alexander,,,
1656,1657,Jermaine,Boyette,,,
1657,1658,Lavor,Postell,,,
1658,1659,Cole,Aldrich,,,
1659,1660,Lazar,Hayward,,,
1660,1661,Norris,Cole,,,
1661,1662,Terrel,Harris,,,
1662,1663,Greg,Stiemsma,,,
1663,1664,Dexter,Pittman,,,
1664,1665,Tiago,Splitter,,,
1665,1666,Gary,Neal,,,
1666,1667,DeJuan,Blair,,,
1667,1668,James,Anderson,,,
1668,1669,Lavoy,Allen,,,
1669,1670,Jodie,Meeks,,,
1670,1671,Craig,Brackins,,,
1671,1672,Xavier,Silas,,,
1672,1673,Darren,Collison,,,
1673,1674,Tyler,Hansbrough,,,
1674,1675,Jeff,Ayres,,,
1675,1676,AJ,Price,,,
1676,1677,Lance,Stephenson,,,
1677,1678,Sam,Young,,,
1678,1679,Jordan,Hill,,,
1679,1680,Devin,Ebanks,,,
1680,1681,Andrew,Goudelock,,,
1681,1682,Darius,Morris,,,
1682,1683,Trey,Thompkins,,,
1683,1684,Quincy,Pondexter,,,
1684,1685,Dante,Cunningham,,,
1685,1686,Lester,Hudson,,,
1686,1687,Josh,Selby,,,
1687,1688,Kenneth,Faried,,,
1688,1689,Timofey,Mozgov,,,
1689,1690,Ty,Lawson,,,
1690,1691,Jordan,Hamilton,,,
1691,1692,Julyan,Stone,,,
1692,1693,Omer,Asik,,,
1693,1694,Ivan,Johnson,,,
1694,1695,Christian,Eyenga,,,
1695,1696,Landry,Fields,,,
1696,1697,Toney,Douglas,,,
1697,1698,Josh,Harrellson,,,
1698,1699,Jerome,Jordan,,,
1699,1700,Daniel,Orton,,,
1700,1701,Earl,Clark,,,
1701,1702,Justin,Harper,,,
1702,1703,Jeremy,Evans,,,
1703,1704,Rodrigue,Beaubois,,,
1704,1705,Travis,Leslie,,,
1705,1706,Jerome,Dyson,,,
1706,1707,Greivis,Vasquez,,,
1707,1708,Gustavo,Ayon,,,
1708,1709,Xavier,Henry,,,
1709,1710,Chase,Budinger,,,
1710,1711,Greg,Smith,,,
1711,1712,Courtney,Fortson,,,
1712,1713,Diamon,Simpson,,,
1713,1714,Jordan,Williams,,,
1714,1715,MarShon,Brooks,,,
1715,1716,Sundiata,Gaines,,,
1716,1717,Armon,Johnson,,,
1717,1718,Ben,Uzoh,,,
1718,1719,Solomon,Alabi,,,
1719,1720,Gary,Forbes,,,
1720,1721,Chris,Wright,,,
1721,1722,Jeremy,Tyler,,,
1722,1723,Mickell,Gladness,,,
1723,1724,Charles,Jenkins,,,
1724,1725,Tyreke,Evans,,,
1725,1726,Jimmer,Fredette,,,
1726,1727,Terrence,Williams,,,
1727,1728,Tyler,Honeycutt,,,
1728,1729,Marcus,Thornton,,,
1729,1730,Luke,Babbitt,,,
1730,1731,Nolan,Smith,,,
1731,1732,Jonny,Flynn,,,
1732,1733,Hasheem,Thabeet,,,
1733,1734,Wesley,Johnson,,,
1734,1735,Nikola,Pekovic,,,
1735,1736,Derrick,Williams,,,
1736,1737,Malcolm,Lee,,,
1737,1738,DeAndre,Liggins,,,
1738,1739,Alonzo,Gee,,,
1739,1740,Donald,Sloan,,,
1740,1741,Samardo,Samuels,,,
1741,1742,D.J.,Kennedy,,,
1742,1743,Manny,Harris,,,
1743,1744,Luke,Harangody,,,
1744,1745,Omri,Casspi,,,
1745,1746,Dominique,Jones,,,
1746,1747,Byron,Mullens,,,
1747,1748,Gerald,Henderson,,,
1748,1749,Cory,Higgins,,,
1749,1750,Derrick,Brown,,,
1750,1751,Reggie,Williams,,,
1751,1752,Chris,Singleton,,,
1752,1753,Jan,Vesely,,,
1753,1754,Kevin,Seraphin,,,
1754,1755,Shelvin,Mack,,,
1755,1756,Trevor,Booker,,,
1756,1757,Jordan,Crawford,,,
1757,1758,Jon,Leuer,,,
1758,1759,Ekpe,Udoh,,,
1759,1760,Brandon,Jennings,,,
1760,1761,Larry,Sanders,,,
1761,1762,Jon,Brockman,,,
1762,1763,JaJuan,Johnson,,,
1763,1764,Greg,Monroe,,,
1764,1765,Jonas,Jerebko,,,
1765,1766,Austin,Daye,,,
1766,1767,Vernon,Macklin,,,
1767,1768,Justin,Dentmon,,,
1768,1769,Semih,Erden,,,
1769,1770,Chris,Johnson,,,
1770,1771,Dennis,Horner,,,
1771,1772,Jeremy,Lin,,,
1772,1773,Keith,Benson,,,
1773,1774,Malcolm,Thomas,,,
1774,1775,Edwin,Ubiles,,,
1775,1776,Jerry,Smith,,,
1776,1777,Eric,Dawson,,,
1777,1778,Jeff,Foote,,,
1778,1779,Elliot,Williams,,,
1779,1780,Ryan,Reid,,,
1780,1781,Damion,James,,,
1781,1782,Carldell,Johnson,,,
1782,1783,DaJuan,Summers,,,
1783,1784,Jeff,Adrien,,,
1784,1785,Hamady,Ndiaye,,,
1785,1786,Mychel,Thompson,,,
1786,1787,Larry,Owens,,,
1787,1788,Darington,Hobson,,,
1788,1789,Eric,Maynor,,,
1789,1790,Garret,Siler,,,
1790,1791,Magnum,Rolle,,,
1791,1792,Pape,Sy,,,
1792,1793,Durrell,Summers,,,
1793,1794,Taylor,Griffin,,,
1794,1795,Marcus,Landry,,,
1795,1796,Frank,Hassell,,,
1796,1797,Gani,Lawal,,,
1797,1798,Luke,Zeller,,,
1798,1799,Gilbert,Brown,,,
1799,1800,Jarrid,Famous,,,
1800,1801,Matt,Rogers,,,
1801,1802,Tyren,Johnson,,,
1802,1803,Drew,Neitzel,,,
1803,1804,Jerome,Randle,,,
1804,1805,Isma'il,Muhammad,,,
1805,1806,Marcus,Hubbard,,,
1806,1807,Jeremy,Wise,,,
1807,1808,Doug,Thomas,,,
1808,1809,Gary,Flowers,,,
1809,1810,Julian,Khazzouh,,,
1810,1811,Tommy,Mitchell,,,
1811,1812,Adrian,Oliver,,,
1812,1813,Lawrence,Hill,,,
1813,1814,David,Andersen,,,
1814,1815,Moses,Ehambe,,,
1815,1816,Terrico,White,,,
1816,1817,Darnell,Lazare,,,
1817,1818,Marqus,Blakely,,,
1818,1819,Willie,Warren,,,
1819,1820,Zabian,Dowdell,,,
1820,1821,Derrick,Caracter,,,
1821,1822,Jermaine,Taylor,,,
1822,1823,Othyus,Jeffers,,,
1823,1824,Marcus,Cousin,,,
1824,1825,Jerel,McNeal,,,
1825,1826,Andy,Rautins,,,
1826,1827,Sherron,Collins,,,
1827,1828,Matt,Janning,,,
1828,1829,Curtis,Jerrells,,,
1829,1830,Trent,Plaisted,,,
1830,1831,Eric,Boateng,,,
1831,1832,Elijah,Millsap,,,
1832,1833,Drew,Naymick,,,
1833,1834,Raymond,Sykes,,,
1834,1835,Kenny,Hasbrouck,,,
1835,1836,Evan,Brock,,,
1836,1837,Ricardo,Marsh,,,
1837,1838,Richard,Delk,,,
1838,1839,Stanley,Robinson,,,
1839,1840,Chris,Kramer,,,
1840,1841,Ryan,Thompson,,,
1841,1842,James,Gist,,,
1842,1843,Connor,Atchley,,,
1843,1844,Longar,Longar,,,
1844,1845,Kevin,Palmer,,,
1845,1846,Antonio,Anderson,,,
1846,1847,Vernon,Goodridge,,,
1847,1848,Anthony,Mason,,,
1848,1849,Tre,Kelley,,,
1849,1850,Shane,Edwards,,,
1850,1851,Jon,Scheyer,,,
1851,1852,Stephen,Dennis,,,
1852,1853,Cedric,Jackson,,,
1853,1854,Oliver,Lafayette,,,
1854,1855,Trey,Gilder,,,
1855,1856,Deron,Washington,,,
1856,1857,Tony,Gaffney,,,
1857,1858,Thomas,Kelati,,,
1858,1859,Romel,Beck,,,
1859,1860,Goran,Suton,,,
1860,1861,Carlos,Powell,,,
1861,1862,Dionte,Christmas,,,
1862,1863,Leon,Rodgers,,,
1863,1864,Luke,Nevill,,,
1864,1865,Russell,Robinson,,,
1865,1866,Shaun,Pruitt,,,
1866,1867,Frank,Robinson,,,
1867,1868,Dontaye,Draper,,,
1868,1869,Michael,Fey,,,
1869,1870,David,Monds,,,
1870,1871,Lanny,Smith,,,
1871,1872,Warren,Carter,,,
1872,1873,Bennet,Davis,,,
1873,1874,Stanton,Kidd,,,
1874,1875,Jalen,Jones,,,
1875,1876,Haywood,Highsmith,,,
1876,1877,Christ,Koumadje,,,
1877,1878,Isaiah,Miles,,,
1878,1879,Isaiah,Taylor,,,
1879,1880,Devin,Robinson,,,
1880,1881,CJ,Massinburg,,,
1881,1882,C.J.,Williams,,,
1882,1883,Matur,Maker,,,
1883,1884,Davon,Reed,,,
1884,1885,Skyler,Flatten,,,
1885,1886,Bubu,Palo,,,
1886,1887,Jalen,Adams,,,
1887,1888,Javon,Bess,,,
1888,1889,Kavell,Bigby-Williams,,,
1889,1890,V.J.,King,,,
1890,1891,Lamar,Peters,,,
1891,1892,Miles,Plumlee,,,
1892,1893,Ivan,Rabb,,,
1893,1894,Daulton,Hommes,,,
1894,1895,Demetrius,Jackson,,,
1895,1896,Marcus,Allen,,,
1896,1897,Andrew,Harrison,,,
1897,1898,Kavion,Pippen,,,
1898,1899,Troy,Caupain,,,
1899,1900,London,Perrantes,,,
1900,1901,Donte,Grantham,,,
1901,1902,B.J.,Taylor,,,
1902,1903,Tahjere,McCall,,,
1903,1904,Marcus,Derrickson,,,
1904,1905,Jordan,Sibert,,,
1905,1906,Justin,Simon,,,
1906,1907,Milton,Doyle,,,
1907,1908,Tyus,Battle,,,
1908,1909,Barry,Brown,,,
1909,1910,Jon,Davis,,,
1910,1911,Isaac,Humphries,,,
1911,1912,Todd,Withers,,,
1912,1913,Kobi,Simmons,,,
1913,1914,Ahmed,Hill,,,
1914,1915,Jaron,Blossomgame,,,
1915,1916,Abdul,Gaddy,,,
1916,1917,DeVaughn,Akoon-Purcell,,,
1917,1918,Myke,Henry,,,
1918,1919,Eric,Moreland,,,
1919,1920,Kyle,Collinsworth,,,
1920,1921,Reggie,Hearn,,,
1921,1922,Walt,Lemon Jr.,,,
1922,1923,C.J.,Wilcox,,,
1923,1924,Kaiser,Gates,,,
1924,1925,Yante,Maten,,,
1925,1926,Jarell,Martin,,,
1926,1927,Daniel,Hamilton,,,
1927,1928,Aric,Holman,,,
1928,1929,Tyler,Lydon,,,
1929,1930,Hollis,Thompson,,,
1930,1931,Tyler,Ulis,,,
1931,1932,Norense,Odiase,,,
1932,1933,David,Kramer,,,
1933,1934,David,Stockton,,,
1934,1935,Dedric,Lawson,,,
1935,1936,Perrion,Callandret,,,
1936,1937,Sagaba,Konate,,,
1937,1938,Luke,Maye,,,
1938,1939,Phil,Booth,,,
1939,1940,Jemerrio,Jones,,,
1940,1941,Deng,Adel,,,
1941,1942,John,Egbunu,,,
1942,1943,Josh,Perkins,,,
1943,1944,Amir,Hinton,,,
1944,1945,Yudai,Baba,,,
1945,1946,Isaiah,Pineiro,,,
1946,1947,Jordan,Murphy,,,
1947,1948,Lindell,Wigginton,,,
1948,1949,James,Palmer Jr.,,,
1949,1950,Terry,Larrier,,,
1950,1951,Thomas,Welsh,,,
1951,1952,Anthony,Bennett,,,
1952,1953,Devyn,Marble,,,
1953,1954,Hassani,Gravett,,,
1954,1955,JaKeenan,Gant,,,
1955,1956,Nikola,Mirotic,,,
1956,1957,Jonathon,Simmons,,,
1957,1958,Guerschon,Yabusele,,,
1958,1959,Donatas,Motiejunas,,,
1959,1960,Jonathan,Gibson,,,
1960,1961,Deyonta,Davis,,,
1961,1962,Alan,Williams,,,
1962,1963,John,Jenkins,,,
1963,1964,Isaiah,Hicks,,,
1964,1965,Billy,Garrett,,,
1965,1966,Wayne,Selden,,,
1966,1967,Brandon,Sampson,,,
1967,1968,Antonio,Blakeney,,,
1968,1969,Tyler,Dorsey,,,
1969,1970,Julian,Washburn,,,
1970,1971,Jawun,Evans,,,
1971,1972,Bonzie,Colson,,,
1972,1973,Salah,Mejri,,,
1973,1974,Jared,Terrell,,,
1974,1975,Mitchell,Creek,,,
1975,1976,Tyler,Cavanaugh,,,
1976,1977,Troy,Williams,,,
1977,1978,Jordan,Loyd,,,
1978,1979,Ian,Clark,,,
1979,1980,Dairis,Bertans,,,
1980,1981,RJ,Hunter,,,
1981,1982,Sam,Dekker,,,
1982,1983,Angel,Delgado,,,
1983,1984,Cody,Demps,,,
1984,1985,Scott,Machado,,,
1985,1986,Andre,Ingram,,,
1986,1987,Terrence,Jones,,,
1987,1988,Isaiah,Briscoe,,,
1988,1989,Alex,Poythress,,,
1989,1990,Trevon,Duval,,,
1990,1991,Isaiah,Canaan,,,
1991,1992,Emanuel,Terry,,,
1992,1993,Scotty,Hopson,,,
1993,1994,Richard,Solomon,,,
1994,1995,Wade,Baldwin IV,,,
1995,1996,Alex,Abrines,,,
1996,1997,Kalin,Lucas,,,
1997,1998,Quincy,Acy,,,
1998,1999,Malachi,Richardson,,,
1999,2000,Ron,Baker,,,
2000,2001,Lorenzo,Brown,,,
2001,2002,Milos,Teodosic,,,
2002,2003,Keenan,Evans,,,
2003,2004,Jaylen,Morris,,,
2004,2005,Okaro,White,,,
2005,2006,Zach,Lofton,,,
2006,2007,George,King,,,
2007,2008,DJ,Stephens,,,
2008,2009,Tyler,Davis,,,
2009,2010,Zhou,Qi,,,
2010,2011,John,Holland,,,
2011,2012,Chinanu,Onuaku,,,
2012,2013,Billy,Preston,,,
2013,2014,Travis,Wear,,,
2014,2015,Jeffrey,Carroll,,,
2015,2016,Angel,Rodriguez,,,
2016,2017,Tim,Bond,,,
2017,2018,Markel,Crawford,,,
2018,2019,Doral,Moore,,,
2019,2020,Darius,Johnson-Odom,,,
2020,2021,Jonathan,Stark,,,
2021,2022,Zach,Smith,,,
2022,2023,Yanyuhang,Ding,,,
2023,2024,Nick,Johnson,,,
2024,2025,Braian,Angola-Rodas,,,
2025,2026,Thomas,Robinson,,,
2026,2027,C.J.,Anderson,,,
2027,2028,Briante,Weber,,,
2028,2029,Raphiael,Putney,,,
2029,2030,Rodney,Purvis,,,
2030,2031,Jarnell,Stokes,,,
2031,2032,Jeffrey,Coby,,,
2032,2033,Jairus,Lyles,,,
2033,2034,Isaiah,Cousins,,,
2034,2035,Isaac,Haas,,,
2035,2036,Kay,Felder,,,
2036,2037,Garlon,Green,,,
2037,2038,Brandon,McCoy,,,
2038,2039,Charles,Cooke,,,
2039,2040,Will,Cherry,,,
2040,2041,Elijah,Stewart,,,
2041,2042,Ben,Moore,,,
2042,2043,Omari,Johnson,,,
2043,2044,Josh,Huestis,,,
2044,2045,Nuni,Omot,,,
2045,2046,Tiwian,Kendley,,,
2046,2047,Johnny,Hamilton,,,
2047,2048,Desi,Rodriguez,,,
2048,2049,Shabazz,Muhammad,,,
2049,2050,KJ,McDaniels,,,
2050,2051,Bryce,Alford,,,
2051,2052,Codi,Miller-McIntyre,,,
2052,2053,Anthony,Brown,,,
2053,2054,Jaylen,Barford,,,
2054,2055,Isaiah,Wilkins,,,
2055,2056,Rob,Gray,,,
2056,2057,Ismaila,Kane,,,
2057,2058,Joel,Berry II,,,
2058,2059,Marcus,Georges-Hunt,,,
2059,2060,Jeff,Roberson,,,
2060,2061,Nick,King,,,
2061,2062,Jabari,Bird,,,
2062,2063,Chris,McCullough,,,
2063,2064,Jamel,Artis,,,
2064,2065,Tyrius,Walker,,,
2065,2066,Marcus,Lee,,,
2066,2067,Trey,Lewis,,,
2067,2068,Justin,Bibbs,,,
2068,2069,Tarik,Black,,,
2069,2070,Aaron,Jackson,,,
2070,2071,Shane,Larkin,,,
2071,2072,Lucas,Nogueira,,,
2072,2073,Joe,Young,,,
2073,2074,Dakari,Johnson,,,
2074,2075,Joffrey,Lauvergne,,,
2075,2076,Brandon,Paul,,,
2076,2077,Jack,Cooley,,,
2077,2078,Nigel,Hayes,,,
2078,2079,Tyler,Ennis,,,
2079,2080,Dwight,Buycks,,,
2080,2081,Sean,Kilpatrick,,,
2081,2082,James,Webb III,,,
2082,2083,Marcus,Paige,,,
2083,2084,Andrew,White III,,,
2084,2085,Alec,Peters,,,
2085,2086,Aaron,Harrison,,,
2086,2087,Tim,Quarterman,,,
2087,2088,Georgios,Papagiannis,,,
2088,2089,Xavier,Munford,,,
2089,2090,Marshall,Plumlee,,,
2090,2091,Jordan,Mickey,,,
2091,2092,Marquis,Teague,,,
2092,2093,Larry,Drew II,,,
2093,2094,Darrun,Hilliard,,,
2094,2095,Brice,Johnson,,,
2095,2096,Paul,Zipser,,,
2096,2097,Mangok,Mathiang,,,
2097,2098,James,Young,,,
2098,2099,Jameel,Warney,,,
2099,2100,Erik,McCree,,,
2100,2101,Isaiah,Whitehead,,,
2101,2102,Matt,Costello,,,
2102,2103,Xavier,Rathan-Mayes,,,
2103,2104,Malcolm,Delaney,,,
2104,2105,Jarell,Eddie,,,
2105,2106,Kyle,Singler,,,
2106,2107,Rashad,Vaughn,,,
2107,2108,Trey,McKinney-Jones,,,
2108,2109,Markel,Brown,,,
2109,2110,Willie,Reed,,,
2110,2111,Johnny,O'Bryant III,,,
2111,2112,Luis,Montero,,,
2112,2113,James,Michael McAdoo,,,
2113,2114,Jacob,Wiley,,,
2114,2115,Vander,Blue,,,
2115,2116,Jacob,Pullen,,,
2116,2117,Matt,Williams Jr.,,,
2117,2118,Jamil,Wilson,,,
2118,2119,Joel,Bolomboy,,,
2119,2120,Adreian,Payne,,,
2120,2121,Vincent,Hunter,,,
2121,2122,Nate,Wolters,,,
2122,2123,Jeff,Withey,,,
2123,2124,Yakuba,Ouattara,,,
2124,2125,Nicolas,Brussino,,,
2125,2126,Gian,Clavell,,,
2126,2127,Mindaugas,Kuzminskas,,,
2127,2128,Mirza,Teletovic,,,
2128,2129,Carrick,Felix,,,
2129,2130,Mike,Young,,,
2130,2131,Ike,Iroegbu,,,
2131,2132,Matt,Jones,,,
2132,2133,Michael,Gbinije,,,
2133,2134,AJ,Hammons,,,
2134,2135,Tony,Mitchell,,,
2135,2136,James,Blackmon Jr.,,,
2136,2137,Isaac,Hamilton,,,
2137,2138,Damjan,Rudez,,,
2138,2139,Perry,Jones III,,,
2139,2140,Cliff,Alexander,,,
2140,2141,Rade,Zagorac,,,
2141,2142,Durand,Scott,,,
2142,2143,Maalik,Wayns,,,
2143,2144,Brandon,Ashley,,,
2144,2145,Terry,Henderson,,,
2145,2146,T.J.,Williams,,,
2146,2147,Luke,Petrasek,,,
2147,2148,Davion,Berry,,,
2148,2149,Diamond,Stone,,,
2149,2150,Jaylen,Johnson,,,
2150,2151,Bronson,Koenig,,,
2151,2152,Archie,Goodwin,,,
2152,2153,George,de Paula,,,
2153,2154,Akil,Mitchell,,,
2154,2155,Jeremy,Senglin,,,
2155,2156,Daniel,Dixon,,,
2156,2157,L.J.,Peak,,,
2157,2158,Jonathan,Holmes,,,
2158,2159,Landry,Nnoko,,,
2159,2160,Derek,Willis,,,
2160,2161,Edy,Tavares,,,
2161,2162,Semaj,Christon,,,
2162,2163,Rashawn,Thomas,,,
2163,2164,Torian,Graham,,,
2164,2165,Eric,Griffin,,,
2165,2166,DeQuan,Jones,,,
2166,2167,Melo,Trimble,,,
2167,2168,Daniel,Ochefu,,,
2168,2169,LaDontae,Henton,,,
2169,2170,V.J.,Beachem,,,
2170,2171,Stephen,Zimmerman,,,
2171,2172,Kendall,Marshall,,,
2172,2173,Peter,Jok,,,
2173,2174,Taylor,Braun,,,
2174,2175,Jordan,Mathews,,,
2175,2176,Kyle,Wiltjer,,,
2176,2177,Kennedy,Meeks,,,
2177,2178,Paige,Marcus,,,
2178,2179,Jeremy,Morgan,,,
2179,2180,Matt,Matt,,,
2180,2181,Devin,Williams,,,
2181,2182,Alex,Hamilton,,,
2182,2183,Rakeem,Christmas,,,
2183,2184,Patricio,Garino,,,
2184,2185,Ryan,Kelly,,,
2185,2186,Andrew,Nicholson,,,
2186,2187,Shawn,Long,,,
2187,2188,Maurice,Ndour,,,
2188,2189,Brian,Roberts,,,
2189,2190,Ben,Bentil,,,
2190,2191,Lamar,Patterson,,,
2191,2192,Mike,Tobey,,,
2192,2193,Ray,McCallum,,,
2193,2194,Marcelo,Huertas,,,
2194,2195,Jared,Sullinger,,,
2195,2196,Pierre,Jackson,,,
2196,2197,Arinze,Onuaku,,,
2197,2198,Nicolas,Laprovittola,,,
2198,2199,Festus,Ezeli,,,
2199,2200,Grant,Jerrett,,,
2200,2201,Keith,Hornsby,,,
2201,2202,Robbie,Hummel,,,
2202,2203,Pablo,Prigioni,,,
2203,2204,PJ,Hairston,,,
2204,2205,Livio,Jean-Charles,,,
2205,2206,Rasheed,Sulaimon,,,
2206,2207,Perry,Ellis,,,
2207,2208,Toure',Murry,,,
2208,2209,Cat,Barber,,,
2209,2210,Vashil,Fernandez,,,
2210,2211,Drew,Crawford,,,
2211,2212,Brady,Heslip,,,
2212,2213,Yanick,Moreira,,,
2213,2214,E.J.,Singler,,,
2214,2215,Casper,Ware,,,
2215,2216,Thomas,Walkup,,,
2216,2217,Shawn,Dawson,,,
2217,2218,Quincy,Ford,,,
2218,2219,Robert,Sacre,,,
2219,2220,JP,Tokoto,,,
2220,2221,Jaleel,Cousins,,,
2221,2222,Cleanthony,Early,,,
2222,2223,Damien,Inglis,,,
2223,2224,Henry,Sims,,,
2224,2225,Cameron,Jones,,,
2225,2226,Phil,Pressey,,,
2226,2227,Orlando,Johnson,,,
2227,2228,JJ,O'Brien,,,
2228,2229,Jaleel,Roberts,,,
2229,2230,Trey,Freeman,,,
2230,2231,Cory,Jefferson,,,
2231,2232,Mitch,McGary,,,
2232,2233,Kaleb,Tarczewski,,,
2233,2234,Jorge,Gutierrez,,,
2234,2235,Beau,Beech,,,
2235,2236,Egidijus,Mockevicius,,,
2236,2237,Andrew,Andrews,,,
2237,2238,Branden,Dawson,,,
2238,2239,Kevin,Murphy,,,
2239,2240,Stefan,Jankovic,,,
2240,2241,Jordan,Adams,,,
2241,2242,D'Vauntes,Smith-Rivera,,,
2242,2243,J.J.,Avila,,,
2243,2244,Nikola,Jovanovic,,,
2244,2245,Nick,Zeisloft,,,
2245,2246,Zach,Auguste,,,
2246,2247,Julian,Jacobs,,,
2247,2248,Gracin,Bakumanya,,,
2248,2249,Derek,Cooke Jr.,,,
2249,2250,Elgin,Cook,,,
2250,2251,Scott,Wood,,,
2251,2252,Tony,Wroten,,,
2252,2253,Chris,Copeland,,,
2253,2254,Duje,Dukan,,,
2254,2255,Tibor,Pleiss,,,
2255,2256,Bryce,Cotton,,,
2256,2257,Shayne,Whittington,,,
2257,2258,Sasha,Kaun,,,
2258,2259,Sergey,Karasev,,,
2259,2260,Cameron,Bairstow,,,
2260,2261,Jared,Cunningham,,,
2261,2262,Alex,Stepheson,,,
2262,2263,Coty,Clarke,,,
2263,2264,Bryce,Dejean-Jones,,,
2264,2265,Erick,Green,,,
2265,2266,Keith,Appling,,,
2266,2267,Kostas,Papanikolaou,,,
2267,2268,Russ,Smith,,,
2268,2269,Joshua,Smith,,,
2269,2270,Arsalan,Kazemi,,,
2270,2271,Denzel,Livingston,,,
2271,2272,Chris,Walker,,,
2272,2273,Kleon,Penn,,,
2273,2274,Nick,Wiggins,,,
2274,2275,Bo,McCalebb,,,
2275,2276,Lazeric,Jones,,,
2276,2277,Sampson,Carter,,,
2277,2278,Nnanna,Egwu,,,
2278,2279,Jaron,Johnson,,,
2279,2280,Michale,Kyser,,,
2280,2281,Ronald,Roberts Jr.,,,
2281,2282,Shannon,Scott,,,
2282,2283,Furkan,Aldemir,,,
2283,2284,Scottie,Wilbekin,,,
2284,2285,Corey,Walden,,,
2285,2286,Jason,Washburn,,,
2286,2287,Sam,Thompson,,,
2287,2288,CJ,Fair,,,
2288,2289,Kadeem,Jack,,,
2289,2290,Wesley,Saunders,,,
2290,2291,Darion,Atkins,,,
2291,2292,Travis,Trice II,,,
2292,2293,Devin,Sweetney,,,
2293,2294,Chris,Babb,,,
2294,2295,Chris,Udofia,,,
2295,2296,Jabari,Brown,,,
2296,2297,Terran,Petteway,,,
2297,2298,Jordan,Bachynski,,,
2298,2299,Adonis,Thomas,,,
2299,2300,Melvin,Ejim,,,
2300,2301,Marcus,Simmons,,,
2301,2302,Keifer,Sykes,,,
2302,2303,Deshaun,Thomas,,,
2303,2304,Talib,Zanna,,,
2304,2305,Michael,Qualls,,,
2305,2306,Dez,Wells,,,
2306,2307,Robert,Upshaw,,,
2307,2308,Will,Cummings,,,
2308,2309,Nick,Minnerath,,,
2309,2310,Ryan,Boatright,,,
2310,2311,Chris,Daniels,,,
2311,2312,Quincy,Miller,,,
2312,2313,Youssou,Ndoye,,,
2313,2314,Corey,Hawkins,,,
2314,2315,Juwan,Staten,,,
2315,2316,Kyle,Casey,,,
2316,2317,Marshall,Henderson,,,
2317,2318,Corey,Webster,,,
2318,2319,Jake,Anderson,,,
2319,2320,Stefhon,Hannah,,,
2320,2321,Edgar,Sosa,,,
2321,2322,Charlie,Westbrook,,,
2322,2323,Jon,Horford,,,
2323,2324,Michael,Holyfield,,,
2324,2325,Pero,Antic,,,
2325,2326,Nick,Calathes,,,
2326,2327,Joel,Freeland,,,
2327,2328,Bernard,James,,,
2328,2329,Gigi,Datome,,,
2329,2330,Jamaal,Franklin,,,
2330,2331,Zoran,Dragic,,,
2331,2332,Ricky,Ledo,,,
2332,2333,Jeffery,Taylor,,,
2333,2334,Sim,Bhullar,,,
2334,2335,David,Wear,,,
2335,2336,Alexey,Shved,,,
2336,2337,Jerrelle,Benimon,,,
2337,2338,Victor,Claver,,,
2338,2339,Andre,Dawkins,,,
2339,2340,Ognjen,Kuzmic,,,
2340,2341,Miroslav,Raduljica,,,
2341,2342,Alex,Kirk,,,
2342,2343,Brandon,Davies,,,
2343,2344,Patrick,Christopher,,,
2344,2345,Gal,Mekel,,,
2345,2346,Drew,Gordon,,,
2346,2347,Patric,Young,,,
2347,2348,Nemanja,Nedovic,,,
2348,2349,Brock,Motum,,,
2349,2350,Diante,Garrett,,,
2350,2351,Aaron,Craft,,,
2351,2352,Mitchell,Watt,,,
2352,2353,Roscoe,Smith,,,
2353,2354,Geron,Johnson,,,
2354,2355,Doron,Lamb,,,
2355,2356,Justin,Cobbs,,,
2356,2357,Dallas,Lauderdale,,,
2357,2358,Brian,Qvale,,,
2358,2359,Arnett,Moultrie,,,
2359,2360,Kevin,Jones,,,
2360,2361,Micheal,Eric,,,
2361,2362,Vitor,Faverani,,,
2362,2363,Erik,Murphy,,,
2363,2364,Christian,Watford,,,
2364,2365,Orlando,Sanchez,,,
2365,2366,Michael,Jenkins,,,
2366,2367,Shawn,Jones,,,
2367,2368,Yuki,Togashi,,,
2368,2369,Josh,Bostic,,,
2369,2370,Stephen,Holt,,,
2370,2371,Kadeem,Batts,,,
2371,2372,Peyton,Siva,,,
2372,2373,Ben,Hansbrough,,,
2373,2374,Joe,Jackson,,,
2374,2375,Casey,Prather,,,
2375,2376,James,Southerland,,,
2376,2377,Kim,English,,,
2377,2378,Luke,Hancock,,,
2378,2379,Dee,Bost,,,
2379,2380,Jarvis,Varnado,,,
2380,2381,Nando,De Colo,,,
2381,2382,Tornike,Shengelia,,,
2382,2383,Royce,White,,,
2383,2384,Viacheslav,Kravtsov,,,
2384,2385,Tyshawn,Taylor,,,
2385,2386,Chris,Smith,,,
2386,2387,Elias,Harris,,,
2387,2388,Kris,Joseph,,,
2388,2389,Romero,Osby,,,
2389,2390,Kenny,Kadji,,,
2390,2391,CJ,Leslie,,,
2391,2392,Khalif,Wyatt,,,
2392,2393,Rodney,Williams,,,
2393,2394,Carlos,Morais,,,
2394,2395,Damen,Bell-Holter,,,
2395,2396,Kammron,Taylor,,,
2396,2397,Daniel,Nwaelele,,,
2397,2398,Michael,Lee,,,
2398,2399,Fab,Melo,,,
2399,2400,Mickey,McConnell,,,
2400,2401,Mac,Koshwal,,,
2401,2402,Courtney,Fells,,,
2402,2403,Trent,Lockett,,,
2403,2404,Olek,Czyz,,,
2404,2405,Kyle,Fogg,,,
2405,2406,Myck,Kabongo,,,
2406,2407,DeShawn,Sims,,,
2407,2408,Richard,Howell,,,
2408,2409,David,Lighty,,,
2409,2410,Mustapha,Farrakhan,,,
2410,2411,Tim,Ohlbrecht,,,
2411,2412,Josh,Akognon,,,
2412,2413,Steven,Gray,,,
2413,2414,Hank,Thorns,,,
2414,2415,John,Shurna,,,
2415,2416,Ryan,Allen,,,
2416,2417,Carlon,Brown,,,
2417,2418,Lance,Goulbourne,,,
2418,2419,Demonte,Harper,,,
2419,2420,Micah,Downs,,,
2420,2421,Devin,Searcy,,,
2421,2422,Oscar,Bellfield,,,
2422,2423,Robert,Dozier,,,
2423,2424,Michael,Dunigan,,,
2424,2425,Carleton,Scott,,,
2425,2426,Reeves,Nelson,,,
2426,2427,Ronnie,Aguilar,,,
2427,2428,Wesley,Witherspoon,,,
2428,2429,Greg,Somogyi,,,
2429,2430,Brian,Butch,,,
2430,2431,Tyler,Wilkerson,,,
2431,2432,Kevin,Anderson,,,
2432,2433,Petr,Cornelie,1995.0,2016,23
2433,2434,Arnoldas,Kulboka,1997.0,2018,25
2434,2435,Marko,Simonovic,2000.0,2020,14
2435,2436,Leandro,Bolmaro,2000.0,2020,23
2436,2437,Vit,Krejci,2000.0,2020,7
2437,2438,Isaiah,Todd,2002.0,2021,1
2438,2439,Cade,Cunningham,2001.0,2021,1
2439,2440,Ziaire,Williams,2001.0,2021,10
2440,2441,Jared,Butler,2000.0,2021,10
2441,2442,James,Bouknight,2000.0,2021,11
2442,2443,Joe,Wieskamp,1999.0,2021,11
2443,2444,Isaiah,Livers,1998.0,2021,12
2444,2445,Joshua,Primo,2003.0,2021,12
2445,2446,Greg,Brown III,2001.0,2021,13
2446,2447,Chris,Duarte,1997.0,2021,13
2447,2448,Kessler,Edwards,2000.0,2021,14
2448,2449,Moses,Moody,2002.0,2021,14
2449,2450,Corey,Kispert,1999.0,2021,15
2450,2451,Dalano,Banton,2000.0,2021,16
2451,2452,Alperen,Sengun,2002.0,2021,16
2452,2453,David,Johnson,2000.0,2021,17
2453,2454,Trey,Murphy III,2000.0,2021,17
2454,2455,Sharife,Cooper,2000.0,2021,18
2455,2456,Tre,Mann,2001.0,2021,18
2456,2457,Kai,Jones,2001.0,2021,19
2457,2458,Jalen,Green,2002.0,2021,2
2458,2459,Jeremiah,Robinson-Earl,2001.0,2021,2
2459,2460,Jalen,Johnson,2002.0,2021,20
2460,2461,Keon,Johnson,2002.0,2021,21
2461,2462,B.J.,"Boston, Jr.",2002.0,2021,21
2462,2463,Isaiah,Jackson,2002.0,2021,22
2463,2464,Luka,Garza,1999.0,2021,22
2464,2465,Charles,Bassey,2001.0,2021,23
2465,2466,Usman,Garuba,2002.0,2021,23
2466,2467,Sandro,Mamukelashvili,1997.0,2021,24
2467,2468,Josh,Christopher,2002.0,2021,24
2468,2469,Quentin,Grimes,2000.0,2021,25
2469,2470,Aaron,Wiggins,1998.0,2021,25
2470,2471,Bones,Hyland,2000.0,2021,26
2471,2472,Scottie,Lewis,1999.0,2021,26
2472,2473,Cam,Thomas,2002.0,2021,27
2473,2474,Jaden,Springer,2002.0,2021,28
2474,2475,Jericho,Sims,1997.0,2021,28
2475,2476,Day'Ron,Sharpe,2002.0,2021,29
2476,2477,Jason,Preston,1999.0,2021,3
2477,2478,Evan,Mobley,2001.0,2021,3
2478,2479,Georgios,Kalaitzakis,1999.0,2021,30
2479,2480,Santi,Aldama,2001.0,2021,30
2480,2481,Scottie,Barnes,2001.0,2021,4
2481,2482,Herb,Jones,1998.0,2021,5
2482,2483,Jalen,Suggs,2001.0,2021,5
2483,2484,Miles,McBride,2000.0,2021,6
2484,2485,Josh,Giddey,2003.0,2021,6
2485,2486,Jonathan,Kuminga,2002.0,2021,7
2486,2487,J.T.,Thor,2002.0,2021,7
2487,2488,Ayo,Dosunmu,2000.0,2021,8
2488,2489,Franz,Wagner,2001.0,2021,8
2489,2490,Neemias,Queta,1999.0,2021,9
2490,2491,Davion,Mitchell,1998.0,2021,9
2491,2492,Omer,Yurtseven,1998.0,,
2492,2493,Rob,Edwards,1997.0,,
2493,2494,Jeff,Dowtin,1997.0,,
2494,2495,Jaime,Echenique,1997.0,,
2495,2496,Jeremiah,Tilmon,1999.0,,
2496,2497,David,Duke,2000.0,,
2497,2498,Marcus,Garrett,1998.0,,
2498,2499,Kevin,Pangos,1993.0,,
2499,2500,Derrick,"Alston, Jr.",1997.0,,
2500,2501,Jose,Alvarado,1997.0,,
2501,2502,Moses,Wright,1999.0,,
2502,2503,McKinley,Wright,1998.0,,
2503,2504,Joel,Ayayi,1999.0,,
2504,2505,Mitch,Ballock,1998.0,,
2505,2506,Chaundee,Brown,1999.0,,
2506,2507,Trendon,Watford,2000.0,,
2507,2508,Justin,Champagnie,2000.0,,
2508,2509,Duane,"Washington, Jr.",1999.0,,
2509,2510,Matt,Coleman III,1998.0,,
2510,2511,M.J.,Walker,1998.0,,
2511,2512,Jalen,Crutcher,1999.0,,
2512,2513,Ishmail,Wainright,1994.0,,
2513,2514,Ethan,Thompson,1999.0,,
2514,2515,D.J.,Steward,2001.0,,
2515,2516,Mac,McClung,1999.0,,
2516,2517,Austin,Reaves,1998.0,,
2517,2518,Matt,Lewis,1999.0,,
2518,2519,Jordan,Goodwin,1999.0,,
2519,2520,Jock,Landale,1996.0,,
2520,2521,Matt,Ryan,1997.0,,
2521,2522,Cameron,McGriff,1997.0,,
2522,2523,JaQuori,McLaughlin,1997.0,,
2523,2524,Micah,Potter,1998.0,,
2524,2525,Isaiah,Miller,1999.0,,
2525,2526,Yves,Pons,1999.0,,
2526,2527,R.J.,Nembhard,1999.0,,
2527,2528,Daishen,Nix,2002.0,,
2528,2529,Jamorko,Pickett,1998.0,,
2529,2530,Eugene,Omoruyi,1996.0,,
2530,2531,MaCio,Teague,1997.0,,
2531,2532,Terry,Taylor,1999.0,,
2532,2533,D.J.,"Stewart, Jr.",1999.0,,
2533,2534,Sam,Hauser,1997.0,,
2534,2535,Aaron,Henry,1999.0,,
2535,2536,Dru,Smith,1998.0,,
2536,2537,Jay,Huff,1998.0,,
2537,2538,Jordan,Schakel,1998.0,,
2538,2539,Ja'Vonte,Smart,1999.0,,
2539,2540,Aamir,Simms,1999.0,,
2540,2541,Feron,Hunt,1999.0,,
2541,2542,DeJon,Jarreau,1997.0,,
2542,2543,Carlik,Jones,1998.0,,
