player_id,first_name,last_name,birth_year,draft_year,draft_pick
1,Nikola,Jokic,1996,2014,41
2,Damian,Lillard,1991,2012,6
3,Stephen,Curry,1988,2009,7
4,Chris,Paul,1985,2005,4
5,Trae,Young,1999,2018,5
6,Khris,Middleton,1992,2012,39
7,Joel,Embiid,1994,2014,3
8,Giannis,Antetokounmpo,1995,2013,15
9,Kawhi,Leonard,1992,2011,15
10,Rudy,Gobert,1993,2013,27
11,Paul,George,1990,2010,10
12,Jayson,Tatum,1998,2017,3
13,Kyrie,Irving,1992,2011,1
14,Luka,Doncic,1999,2018,3
15,Devin,Booker,1997,2015,13
16,Bradley,Beal,1994,2012,3
17,Nikola,Vucevic,1991,2011,16
18,Deandre,Ayton,1999,2018,1
19,Julius,Randle,1995,2014,7
20,Jrue,Holiday,1990,2009,17
21,James,Harden,1990,2009,3
22,Bam,Adebayo,1998,2017,14
23,Tobias,Harris,1993,2011,19
24,Mikal,Bridges,1997,2018,10
25,Clint,Capela,1994,2014,25
26,Domantas,Sabonis,1996,2016,11
27,John,Collins,1998,2017,19
28,Russell,Westbrook,1989,2008,4
29,Kevin,Durant,1989,2007,2
30,Brook,Lopez,1988,2008,10
31,Zach,LaVine,1995,2014,13
32,Michael,Porter Jr.,1999,2019,14
33,Jimmy,Butler,1990,2011,30
34,Jonas,Valanciunas,1992,2011,5
35,Terry,Rozier,1994,2015,16
36,Donovan,Mitchell,1997,2017,13
37,Karl-Anthony,Towns,1996,2015,1
38,Draymond,Green,1990,2012,35
39,Robert,Covington,1991,2013,20
40,Norman,Powell,1993,2015,46
41,Kyle,Anderson,1994,2014,30
42,Brandon,Ingram,1998,2016,2
43,Kelly,Olynyk,1991,2013,13
44,T.J.,McConnell,1992,2015,20
45,DeMar,DeRozan,1990,2009,9
46,Jaylen,Brown,1997,2016,3
47,Richaun,Holmes,1994,2015,37
48,Zion,Williamson,2001,2019,1
49,Andrew,Wiggins,1995,2014,1
50,Nicolas,Batum,1989,2008,25
51,Buddy,Hield,1992,2016,6
52,LeBron,James,1984,2003,1
53,Jordan,Clarkson,1992,2014,46
54,Kevin,Huerter,1999,2018,19
55,Dejounte,Murray,1997,2016,29
56,Bojan,Bogdanovic,1989,2011,31
57,Joe,Ingles,1988,2009,20
58,Fred,VanVleet,1994,2016,20
59,Danny,Green,1988,2009,46
60,Nerlens,Noel,1994,2013,6
61,De'Aaron,Fox,1997,2017,5
62,Enes,Kanter,1992,2011,3
63,Malcolm,Brogdon,1993,2016,36
64,Pascal,Siakam,1994,2016,27
65,Royce,O'Neale,1993,2015,20
66,Chris,Boucher,1993,2017,20
67,Joe,Harris,1992,2014,33
68,Ben,Simmons,1997,2016,1
69,Miles,Bridges,1998,2018,12
70,Ivica,Zubac,1997,2016,32
71,PJ,Washington,1999,2019,12
72,Myles,Turner,1996,2015,11
73,Anthony,Edwards,2002,2020,1
74,Jakob,Poeltl,1996,2016,9
75,Mike,Conley,1988,2007,4
76,Thaddeus,Young,1989,2007,12
77,Lonzo,Ball,1998,2017,2
78,Collin,Sexton,1999,2018,8
79,Jarrett,Allen,1998,2017,22
80,Reggie,Jackson,1990,2011,24
81,Bogdan,Bogdanovic,1993,2014,27
82,Dennis,Schroder,1994,2013,17
83,Dillon,Brooks,1996,2017,45
84,Ja,Morant,2000,2019,2
85,C.J.,McCollum,1992,2013,10
86,Bobby,Portis,1995,2015,22
87,Tyrese,Haliburton,2000,2020,12
88,Jamal,Murray,1997,2016,7
89,Delon,Wright,1992,2015,20
90,Kristaps,Porzingis,1996,2015,4
91,R.J.,Barrett,2000,2019,3
92,Duncan,Robinson,1994,2018,20
93,Jae'Sean,Tate,1996,2020,
94,Jerami,Grant,1994,2014,39
95,Harrison,Barnes,1992,2012,7
96,Coby,White,2000,2019,7
97,Robert,Williams,1998,2018,27
98,Jae,Crowder,1991,2012,34
99,Ricky,Rubio,1991,2009,5
100,Seth,Curry,1991,2013,20
101,Justin,Holiday,1989,2011,20
102,Montrezl,Harrell,1994,2015,32
103,LaMelo,Ball,2002,2020,3
104,Kyle,Lowry,1986,2006,24
105,Tim,Hardaway Jr.,1992,2013,24
106,Marcus,Morris,1990,2011,14
107,Carmelo,Anthony,1984,2003,3
108,Matisse,Thybulle,1997,2019,20
109,Darius,Garland,2000,2019,5
110,Caris,LeVert,1995,2016,20
111,Donte,DiVincenzo,1997,2018,17
112,Dorian,Finney-Smith,1993,2016,20
113,Mason,Plumlee,1990,2013,22
114,Isaiah,Stewart,2001,2020,16
115,Bruce,Brown,1997,2018,42
116,Anthony,Davis,1993,2012,1
117,Marcus,Smart,1994,2014,6
118,Kendrick,Nunn,1996,2018,20
119,Danilo,Gallinari,1989,2008,6
120,Facundo,Campazzo,1991,2020,
121,Kyle,Kuzma,1996,2017,27
122,Gordon,Hayward,1990,2010,9
123,Kentavious,Caldwell-Pope,1993,2013,8
124,Cameron,Payne,1995,2015,14
125,Kemba,Walker,1990,2011,9
126,Naz,Reid,2000,2019,20
127,Pat,Connaughton,1993,2015,41
128,Jalen,Brunson,1997,2018,33
129,O.G.,Anunoby,1998,2017,23
130,Reggie,Bullock,1991,2013,25
131,Saddiq,Bey,1999,2020,19
132,Jeff,Green,1987,2007,5
133,Josh,Richardson,1994,2015,40
134,Daniel,Theis,1992,2013,20
135,Patrick,Williams,2002,2020,4
136,Derrick,Rose,1989,2008,1
137,Derrick,Favors,1992,2010,3
138,Andre,Drummond,1994,2012,9
139,Lou,Williams,1987,2005,45
140,Brandon,Clarke,1997,2019,21
141,Devonte',Graham,1995,2018,34
142,Evan,Fournier,1993,2012,20
143,Keldon,Johnson,2000,2019,29
144,Desmond,Bane,1999,2020,30
145,Daniel,Gafford,1999,2019,38
146,Cameron,Johnson,1996,2019,11
147,Doug,McDermott,1992,2014,11
148,Will,Barton,1991,2012,40
149,Shai,Gilgeous-Alexander,1999,2018,11
150,Rudy,Gay,1987,2006,8
151,Tyler,Herro,2000,2019,13
152,Raul,Neto,1992,2013,47
153,Eric,Bledsoe,1990,2010,18
154,Christian,Wood,1996,2015,20
155,Kelly,Oubre Jr.,1996,2015,15
156,Rui,Hachimura,1998,2019,9
157,Shake,Milton,1997,2018,54
158,Kent,Bazemore,1990,2012,20
159,De'Anthony,Melton,1998,2018,46
160,Paul,Millsap,1985,2006,47
161,Isaiah,Roby,1998,2019,45
162,Wendell,Carter Jr.,1999,2018,7
163,Terance,Mann,1997,2019,48
164,D'Angelo,Russell,1996,2015,2
165,Josh,Jackson,1997,2017,4
166,Robin,Lopez,1988,2008,15
167,Khem,Birch,1993,2014,20
168,Cory,Joseph,1992,2011,29
169,DeAndre,Jordan,1989,2008,35
170,Kenrich,Williams,1995,2018,20
171,Talen,Horton-Tucker,2001,2019,46
172,Dwight,Howard,1986,2004,1
173,Patty,Mills,1989,2009,55
174,Davis,Bertans,1993,2011,42
175,Goran,Dragic,1986,2008,45
176,Blake,Griffin,1989,2009,1
177,Jusuf,Nurkic,1995,2014,16
178,Jarred,Vanderbilt,1999,2018,41
179,Aaron,Gordon,1996,2014,4
180,Tomas,Satoransky,1992,2012,32
181,Gary,Trent Jr.,1999,2018,37
182,Tyus,Jones,1996,2015,24
183,Lauri,Markkanen,1997,2017,7
184,Grayson,Allen,1996,2018,21
185,Alec,Burks,1992,2011,12
186,Terrence,Ross,1991,2012,8
187,Marc,Gasol,1985,2007,48
188,Juan,Toscano-Anderson,1993,2019,20
189,Andre,Iguodala,1984,2004,9
190,Steven,Adams,1994,2013,12
191,John,Wall,1991,2010,1
192,Monte,Morris,1996,2017,51
193,JaMychal,Green,1991,2013,20
194,Jaden,McDaniels,2001,2020,28
195,Immanuel,Quickley,2000,2020,25
196,Bryn,Forbes,1994,2016,20
197,Maxi,Kleber,1992,2014,20
198,Taj,Gibson,1986,2009,26
199,Alex,Caruso,1994,2016,20
200,Xavier,Tillman,1999,2020,35
201,Isaac,Okoro,2001,2020,5
202,Theo,Maledon,2001,2020,34
203,Serge,Ibaka,1990,2008,24
204,Josh,Hart,1995,2017,30
205,Luke,Kennard,1997,2017,12
206,Payton,Pritchard,1998,2020,26
207,Malik,Beasley,1997,2016,19
208,Landry,Shamet,1997,2018,26
209,Alex,Len,1993,2013,5
210,Jaxson,Hayes,2000,2019,8
211,Patrick,Beverley,1989,2009,42
212,Dwight,Powell,1992,2014,45
213,Cedi,Osman,1995,2015,31
214,Svi,Mykhailiuk,1997,2018,47
215,Derrick,White,1995,2017,29
216,Terence,Davis,1997,2019,20
217,Larry,Nance Jr.,1993,2015,27
218,Tristan,Thompson,1991,2011,4
219,Cole,Anthony,2000,2020,15
220,Jordan,Poole,2000,2019,28
221,Garrett,Temple,1986,2009,20
222,Furkan,Korkmaz,1998,2016,26
223,Derrick,Jones,1997,2016,20
224,Sterling,Brown,1995,2017,46
225,Cody,Zeller,1993,2013,4
226,Kenyon,Martin Jr.,2001,2020,52
227,Georges,Niang,1994,2016,50
228,P.J.,Tucker,1985,2006,35
229,Victor,Oladipo,1992,2013,2
230,Lonnie,Walker,1999,2018,18
231,Darius,Bazley,2000,2019,23
232,Torrey,Craig,1990,2014,20
233,Luguentz,Dort,1999,2019,20
234,Nickeil,Alexander-Walker,1999,2019,17
235,Damion,Lee,1993,2016,20
236,DeMarcus,Cousins,1991,2010,5
237,Rajon,Rondo,1986,2006,21
238,Dwayne,Bacon,1996,2017,40
239,Dario,Saric,1994,2014,12
240,Dean,Wade,1997,2019,20
241,Anfernee,Simons,1999,2018,24
242,Bismack,Biyombo,1993,2011,7
243,Chuma,Okeke,1999,2020,16
244,Elfrid,Payton,1994,2014,10
245,Mo,Bamba,1998,2018,6
246,Moses,Brown,2000,2019,20
247,Jeremy,Lamb,1992,2012,12
248,Tyrese,Maxey,2001,2020,21
249,Kevon,Looney,1996,2015,30
250,Willie,Cauley-Stein,1994,2015,6
251,Al,Horford,1986,2007,3
252,D.J.,Augustin,1988,2008,9
253,Mitchell,Robinson,1998,2018,36
254,James,Johnson,1987,2009,16
255,JaVale,McGee,1988,2008,18
256,Aaron,Holiday,1997,2018,23
257,DeAndre',Bembry,1995,2016,21
258,Drew,Eubanks,1997,2018,20
259,Josh,Okogie,1999,2018,20
260,Stanley,Johnson,1996,2015,8
261,Ish,Smith,1989,2010,20
262,Hamidou,Diallo,1999,2018,45
263,Solomon,Hill,1991,2013,23
264,Jeff,Teague,1988,2009,19
265,Devin,Vassell,2001,2020,11
266,Jordan,McLaughlin,1996,2018,20
267,Onyeka,Okongwu,2001,2020,6
268,Willy,Hernangomez,1994,2015,35
269,Brad,Wanamaker,1990,2011,20
270,Taurean,Prince,1995,2016,12
271,Tony,Bradley,1998,2017,28
272,Edmond,Sumner,1995,2017,52
273,Markieff,Morris,1990,2011,13
274,Grant,Williams,1999,2019,22
275,Marvin,Bagley III,1999,2018,2
276,Wayne,Ellington,1988,2009,28
277,James,Ennis,1991,2013,50
278,Deni,Avdija,2001,2020,9
279,Denzel,Valentine,1994,2016,14
280,Nicolas,Claxton,1999,2019,31
281,Gorgui,Dieng,1990,2013,21
282,Malik,Monk,1998,2017,11
283,Aleksej,Pokusevski,2001,2020,17
284,Trevor,Ariza,1986,2004,43
285,Goga,Bitadze,2000,2019,18
286,Jalen,McDaniels,1998,2019,52
287,P.J.,Dozier,1997,2017,20
288,Austin,Rivers,1993,2012,10
289,Trey,Burke,1993,2013,9
290,Malachi,Flynn,1998,2020,29
291,Wesley,Matthews,1987,2009,20
292,De'Andre,Hunter,1998,2019,4
293,Moritz,Wagner,1997,2018,25
294,Garrison,Mathews,1997,2019,20
295,James,Wiseman,2001,2020,2
296,Aron,Baynes,1987,2009,20
297,Ty,Jerome,1998,2019,24
298,George,Hill,1986,2008,26
299,LaMarcus,Aldridge,1986,2006,2
300,Isaiah,Hartenstein,1998,2017,43
301,Kira,Lewis,2001,2020,13
302,Eric,Gordon,1988,2008,7
303,Yuta,Watanabe,1995,2018,20
304,Tony,Snell,1992,2013,20
305,Kevin,Porter,2000,2019,30
306,Timothe,Luwawu-Cabarrot,1995,2016,24
307,Saben,Lee,2000,2020,38
308,Cam,Reddish,2000,2019,10
309,Frank,Kaminsky,1993,2015,9
310,Oshae,Brissett,1999,2019,20
311,Gary,Harris,1995,2014,19
312,Jaylen,Nowell,2000,2019,43
313,Obi,Toppin,1998,2020,8
314,John,Konchar,1996,2019,20
315,Cody,Martin,1996,2019,36
316,Mike,Muscala,1992,2013,44
317,Jevon,Carter,1996,2018,32
318,David,Nwaba,1993,2016,20
319,Kevin,Love,1989,2008,5
320,Hassan,Whiteside,1989,2010,33
321,Ben,McLemore,1993,2013,7
322,Jaren,Jackson Jr.,2000,2018,4
323,Moe,Harkless,1993,2012,15
324,R.J.,Hampton,2001,2020,24
325,Mychal,Mulder,1994,2019,20
326,Jake,Layman,1994,2016,47
327,Danuel,House,1993,2016,20
328,Caleb,Martin,1996,2019,20
329,Frank,Jackson,1998,2017,31
330,Damian,Jones,1996,2016,30
331,Otto,Porter,1993,2013,3
332,Naji,Marshall,1998,2020,20
333,Mike,Scott,1989,2012,43
334,Aaron,Nesmith,2000,2020,14
335,J.J.,Redick,1985,2006,11
336,Killian,Hayes,2002,2020,7
337,Nemanja,Bjelica,1988,2010,35
338,Juan,Hernangomez,1996,2016,15
339,Chasson,Randle,1993,2015,20
340,Chimezie,Metu,1997,2018,49
341,Eric,Paschall,1997,2019,41
342,Michael,Carter-Williams,1992,2013,11
343,Semi,Ojeleye,1995,2017,37
344,Precious,Achiuwa,2000,2020,20
345,Dylan,Windler,1997,2020,26
346,Damyean,Dotson,1994,2017,44
347,Rodney,Hood,1993,2014,23
348,Dennis,Smith Jr.,1998,2017,9
349,Gabe,Vincent,1996,2018,20
350,Nassir,Little,2000,2019,25
351,Tyler,Johnson,1992,2013,20
352,Sekou,Doumbouya,2000,2019,15
353,Thanasis,Antetokounmpo,1993,2014,51
354,Justin,Jackson,1995,2017,15
355,Patrick,Patterson,1989,2010,14
356,Javonte,Green,1994,2015,20
357,D.J.,Wilson,1996,2017,17
358,Armoni,Brooks,1998,2019,20
359,Kelan,Martin,1996,2018,20
360,Luke,Kornet,1996,2017,20
361,Freddie,Gillespie,1997,2020,20
362,Dewayne,Dedmon,1990,2013,20
363,Avery,Bradley,1991,2010,19
364,Al-Farouq,Aminu,1991,2010,8
365,Lamar,Stevens,1998,2020,20
366,Boban,Marjanovic,1989,2010,20
367,E'Twaun,Moore,1989,2011,55
368,Jordan,Nwora,1999,2020,45
369,DaQuan,Jeffries,1997,2019,20
370,Max,Strus,1996,2019,20
371,Abdel,Nader,1994,2016,58
372,Ed,Davis,1989,2010,13
373,Troy,Brown Jr,2000,2018,15
374,Brandon,Goodwin,1996,2018,20
375,Kevin,Knox,2000,2018,9
376,Nicolo,Melli,1991,2013,20
377,Alize,Johnson,1996,2018,50
378,Gary,Clark,1995,2018,20
379,Langston,Galloway,1992,2014,20
380,Miye,Oni,1998,2019,58
381,Skylar,Mays,1998,2020,50
382,Zeke,Nnaji,2001,2020,22
383,Harry,Giles,1998,2017,20
384,Nico,Mannion,2001,2020,48
385,Tremont,Waters,1998,2019,51
386,Thomas,Bryant,1998,2017,42
387,Chandler,Hutchison,1996,2018,22
388,Paul,Reed,1999,2020,58
389,Jarrett,Culver,1999,2019,6
390,Shaq,Harrison,1994,2013,20
391,Jahlil,Okafor,1995,2015,3
392,Trent,Forrest,1998,2020,20
393,Justin,Patton,1997,2017,16
394,Ryan,Arcidiacono,1994,2016,20
395,Darius,Miller,1990,2012,46
396,Justise,Winslow,1996,2015,10
397,Isaiah,Joe,2000,2020,49
398,Anthony,Lamb,1998,2020,20
399,Mfiondu,Kabengele,1998,2019,27
400,Tyler,Cook,1998,2019,20
401,Anthony,Gill,1993,2016,20
402,Brodric,Thomas,1998,2020,20
403,Isaac,Bonga,2000,2018,39
404,Wesley,Iwundu,1994,2017,33
405,Sam,Merrill,1996,2020,60
406,Vlatko,Cancar,1997,2017,49
407,Josh,Green,2001,2020,18
408,Jaylen,Hoard,1999,2019,20
409,Nathan,Knight,1998,2020,20
410,Khyri,Thomas,1996,2018,38
411,Paul,Watson,1994,2017,20
412,Amir,Coffey,1998,2019,20
413,JaKarr,Sampson,1993,2014,20
414,Reggie,Perry,2000,2020,57
415,KZ,Okpala,1999,2019,32
416,Glenn,Robinson III,1994,2014,40
417,Jabari,Parker,1995,2014,2
418,Mike,James,1991,2012,20
419,Chris,Chiozza,1996,2018,20
420,Donta,Hall,1998,2019,20
421,Trey,Lyles,1996,2015,12
422,Wenyen,Gabriel,1997,2018,20
423,Frank,Ntilikina,1999,2017,8
424,Romeo,Langford,2000,2019,14
425,Luka,Samanic,2000,2019,19
426,Tre,Jones,2000,2020,41
427,Ersan,Ilyasova,1987,2005,36
428,Jalen,Harris,1999,2020,59
429,Carsen,Edwards,1998,2019,33
430,Rodney,McGruder,1992,2013,20
431,Keita,Bates-Diop,1996,2018,48
432,Matt,Thomas,1995,2017,20
433,Cassius,Winston,,,
434,Anthony,Tolliver,,,
435,Kris,Dunn,,,
436,Bruno,Fernando,,,
437,RJ,Barrett,,,
438,Jared,Harper,,,
439,Kevin,Knox II,,,
440,Norvel,Pelle,,,
441,Theo,Pinson,,,
442,Tim,Frazier,,,
443,Killian,Tillie,,,
444,Jarrell,Brantley,,,
445,Juwan,Morgan,,,
446,Robert,Williams III,,,
447,Jared,Dudley,,,
448,Alfonzo,McKinnie,,,
449,Ty-Shon,Alexander,,,
450,Jalen,Smith,,,
451,Tyler,Bey,,,
452,Nate,Hinton,,,
453,Marcus,Morris Sr.,,,
454,Yogi,Ferrell,,,
455,Udonis,Haslem,,,
456,Elijah,Bryant,,,
457,Mamadi,Diakite,,,
458,Axel,Toupane,,,
459,CJ,McCollum,,,
460,Derrick,Jones Jr.,,,
461,Rondae,Hollis-Jefferson,,,
462,Harry,Giles III,,,
463,T.J.,Leaf,,,
464,CJ,Elleby,,,
465,Keljin,Blevins,,,
466,Markus,Howard,,,
467,Shaquille,Harrison,,,
468,Bol,Bol,,,
469,Udoka,Azubuike,,,
470,Jordan,Bell,,,
471,Gary,Payton II,,,
472,Alen,Smailagic,,,
473,Cassius,Stanley,,,
474,Amida,Brimah,,,
475,Lonnie,Walker IV,,,
476,Quinndary,Weatherspoon,,,
477,P.J.,Washington,,,
478,Vernon,Carey Jr.,,,
479,Grant,Riller,,,
480,Nick,Richards,,,
481,Nate,Darling,,,
482,Tacko,Fall,,,
483,Jontay,Porter,,,
484,Cameron,Oliver,,,
485,Cameron,Reynolds,,,
486,Danuel,House Jr.,,,
487,Kevin,Porter Jr.,,,
488,Jeremiah,Martin,,,
489,Anderson,Varejao,,,
490,Ignas,Brazdeikis,,,
491,Sindarius,Thornwell,,,
492,Rayjon,Tucker,,,
493,Cristiano,Felicio,,,
494,Devon,Dotson,,,
495,Adam,Mokoka,,,
496,Juancho,Hernangomez,,,
497,Didi,Louzada,,,
498,Kira,Lewis Jr.,,,
499,James,Nunnally,,,
500,Wes,Iwundu,,,
501,Daniel,Oturu,,,
502,Jay,Scrubb,,,
503,Josh,Hall,,,
504,Charlie,Brown Jr.,,,
505,Gabriel,Deck,,,
506,Louis,King,,,
507,Jahmi'us,Ramsey,,,
508,Kyle,Guy,,,
509,Robert,Woodard II,,,
510,Maurice,Harkless,,,
511,Justin,James,,,
512,Devontae,Cacok,,,
513,Deividas,Sirvydis,,,
514,Elijah,Hughes,,,
515,Kostas,Antetokounmpo,,,
516,JJ,Redick,,,
517,Rodions,Kurucs,,,
518,James,Ennis III,,,
519,PJ,Dozier,,,
520,OG,Anunoby,,,
521,Sean,McDermott,,,
522,Robert,Franks,,,
523,Mason,Jones,,,
524,Chris,Silva,,,
525,Zach,Collins,,,
526,Matthew,Dellavedova,,,
527,Devin,Cannady,,,
528,Justin,Robinson,,,
529,Brian,Bowen II,,,
530,Troy,Brown Jr.,,,
531,Malik,Fitts,,,
532,Karim,Mane,,,
533,Isaiah,Thomas,,,
534,Patrick,McCaw,,,
535,Jerome,Robinson,,,
536,Will,Magnay,,,
537,Greg,Whittington,,,
538,Otto,Porter Jr.,,,
539,Quinn,Cook,,,
540,Markelle,Fultz,,,
541,Jonathan,Isaac,,,
542,Terrance,Ferguson,,,
543,Vincent,Poirier,,,
544,Jalen,Lecque,,,
545,Meyers,Leonard,,,
546,Tyrell,Terry,,,
547,Anzejs,Pasecniks,,,
548,Dante,Exum,,,
549,Thon,Maker,,,
550,Marques,Bolden,,,
551,Dakota,Mathias,,,
552,Jordan,Bone,,,
553,Bruno,Caboclo,,,
554,T.J.,Warren,,,
555,Spencer,Dinwiddie,,,
556,Marquese,Chriss,,,
557,Jaylen,Adams,,,
558,Henry,Ellenson,,,
559,Andre,Roberson,,,
560,Iman,Shumpert,,,
561,Noah,Vonleh,,,
562,Ray,Spalding,,,
563,Frank,Mason,,,
564,Ashton,Hagans,,,
565,Chris,Clemons,,,
566,Omari,Spellman,,,
567,Xavier,Sneed,,,
568,Javin,DeLaurier,,,
569,Kahlil,Whitney,,,
570,Keandre,Cook,,,
571,Jon,Teske,,,
572,Dzanan,Musa,,,
573,Ahmad,Caver,,,
574,Shaq,Buchanan,,,
575,Bennie,Boatwright,,,
576,Justin,Anderson,,,
577,Naz,Mitrou-Long,,,
578,Rayshaun,Hammonds,,,
579,BJ,Johnson,,,
580,Levi,Randolph,,,
581,Matt,Mooney,,,
582,Charles,Matthews,,,
583,Myles,Powell,,,
584,Bryce,Brown,,,
585,Michael,Kidd-Gilchrist,,,
586,Paul,Eboua,,,
587,Elie,Okobo,,,
588,Amile,Jefferson,,,
589,Nik,Stauskas,,,
590,Treveon,Graham,,,
591,Rawle,Alkins,,,
592,Ike,Anigbogu,,,
593,Tony,Carr,,,
594,Jarrod,Uthoff,,,
595,Simisola,Shittu,,,
596,Zach,Norvell Jr.,,,
597,Admiral,Schofield,,,
598,Johnathan,Motley,,,
599,Yoeli,Childs,,,
600,Caleb,Homesley,,,
601,Marlon,Taylor,,,
602,Tyler,Zeller,,,
603,Gerald,Green,,,
604,Ade,Murkey,,,
605,Courtney,Lee,,,
606,Kaleb,Wesson,,,
607,Dwayne,Sutton,,,
608,Klay,Thompson,,,
609,Vincent,Edwards,,,
610,Trevon,Bluiett,,,
611,Romaro,Gill,,,
612,Trevon,Scott,,,
613,Jake,Toolson,,,
614,Jerian,Grant,,,
615,Trevelin,Queen,,,
616,Kenny,Wooten,,,
617,Breein,Tyree,,,
618,E.J.,Montgomery,,,
619,Jahlil,Tripp,,,
620,Nigel,Williams-Goss,,,
621,LiAngelo,Ball,,,
622,Ky,Bowman,,,
623,Jordan,Ford,,,
624,Marko,Guduric,,,
625,Skal,Labissiere,,,
626,JR,Smith,,,
627,Troy,Daniels,,,
628,Joakim,Noah,,,
629,Michael,Frazier,,,
630,DeMarre,Carroll,,,
631,Luc,Mbah a Moute,,,
632,Malcolm,Miller,,,
633,Tyson,Chandler,,,
634,Marvin,Williams,,,
635,Kyle,Korver,,,
636,Dion,Waiters,,,
637,Emmanuel,Mudiay,,,
638,Josh,Reaves,,,
639,Antonius,Cleveland,,,
640,J.J.,Barea,,,
641,Melvin,Frazier Jr.,,,
642,Vic,Law,,,
643,Mario,Hezonja,,,
644,Kyle,O'Quinn,,,
645,Marial,Shayok,,,
646,Lance,Thomas,,,
647,Deonte,Burton,,,
648,Dewan,Hernandez,,,
649,Kyle,Alexander,,,
650,Devon,Hall,,,
651,Kevin,Hervey,,,
652,Johnathan,Williams,,,
653,Ian,Mahinmi,,,
654,Corey,Brewer,,,
655,Cheick,Diallo,,,
656,Marco,Belinelli,,,
657,Justin,Wright-Foreman,,,
658,Zylan,Cheatham,,,
659,Shabazz,Napier,,,
660,Jamal,Crawford,,,
661,Caleb,Swanigan,,,
662,Brandon,Knight,,,
663,Jordan,McRae,,,
664,Vince,Carter,,,
665,Joe,Chealey,,,
666,Sheldon,Mac,,,
667,Ante,Zizic,,,
668,Evan,Turner,,,
669,Thabo,Sefolosha,,,
670,Dragan,Bender,,,
671,Wilson,Chandler,,,
672,Sir'Dominic,Pointer,,,
673,John,Henson,,,
674,Allonzo,Trier,,,
675,Derrick,Walton Jr.,,,
676,TJ,Leaf,,,
677,Jacob,Evans,,,
678,Dusty,Hannahs,,,
679,Jonah,Bolden,,,
680,Allen,Crabbe,,,
681,J.P.,Macura,,,
682,Malik,Newman,,,
683,Jeremy,Pargo,,,
684,Tariq,Owens,,,
685,William,Howard,,,
686,Charles,Brown Jr.,,,
687,Ryan,Broekhoff,,,
688,Zhaire,Smith,,,
689,Kadeem,Allen,,,
690,Eric,Mika,,,
691,Josh,Gray,,,
692,Josh,Magette,,,
693,Shamorie,Ponds,,,
694,Chandler,Parsons,,,
695,Daryl,Macon,,,
696,Tyrone,Wallace,,,
697,Pau,Gasol,,,
698,Andrew,Bynum,,,
699,Kobe,Bryant,,,
700,Derek,Fisher,,,
701,Lamar,Odom,,,
702,Luke,Walton,,,
703,Jordan,Farmar,,,
704,Sasha,Vujacic,,,
705,Shannon,Brown,,,
706,DJ,Mbenga,,,
707,Josh,Powell,,,
708,Hedo,Turkoglu,,,
709,Rashard,Lewis,,,
710,Rafer,Alston,,,
711,Mickael,Pietrus,,,
712,Jameer,Nelson,,,
713,Tony,Battie,,,
714,Marcin,Gortat,,,
715,Adonal,Foyle,,,
716,Anthony,Johnson,,,
717,Zydrunas,Ilgauskas,,,
718,Delonte,West,,,
719,Mo,Williams,,,
720,Ben,Wallace,,,
721,Daniel,Gibson,,,
722,Wally,Szczerbiak,,,
723,Sasha,Pavlovic,,,
724,Tarence,Kinsey,,,
725,Darnell,Jackson,,,
726,Joe,Smith,,,
727,Tyronn,Lue,,,
728,Kenyon,Martin,,,
729,Nene,,,,
730,Dahntay,Jones,,,
731,Chauncey,Billups,,,
732,Chris,Andersen,,,
733,Anthony,Carter,,,
734,Linas,Kleiza,,,
735,Jason,Hart,,,
736,Johan,Petro,,,
737,Renaldo,Balkman,,,
738,Steven,Hunter,,,
739,Shane,Battier,,,
740,Luis,Scola,,,
741,Chuck,Hayes,,,
742,Metta,World Peace,,,
743,Aaron,Brooks,,,
744,Carl,Landry,,,
745,Von,Wafer,,,
746,Brent,Barry,,,
747,Brian,Cook,,,
748,James,White,,,
749,Joey,Dorsey,,,
750,Paul,Pierce,,,
751,Glen,Davis,,,
752,Kendrick,Perkins,,,
753,Ray,Allen,,,
754,Eddie,House,,,
755,Brian,Scalabrine,,,
756,Stephon,Marbury,,,
757,Tony,Allen,,,
758,Gabe,Pruitt,,,
759,Mikki,Moore,,,
760,Henry,Walker,,,
761,Josh,Howard,,,
762,Dirk,Nowitzki,,,
763,Erick,Dampier,,,
764,Jason,Terry,,,
765,Jason,Kidd,,,
766,Brandon,Bass,,,
767,Antoine,Wright,,,
768,James,Singleton,,,
769,Ryan,Hollins,,,
770,Matt,Carroll,,,
771,Josh,Smith,,,
772,Joe,Johnson,,,
773,Mike,Bibby,,,
774,Maurice,Evans,,,
775,Flip,Murray,,,
776,Zaza,Pachulia,,,
777,Mario,West,,,
778,Thomas,Gardner,,,
779,Solomon,Jones,,,
780,Acie,Law,,,
781,Yao,Ming,,,
782,Othello,Hunter,,,
783,Randolph,Morris,,,
784,Jeremy,Richardson,,,
785,Adam,Morrison,,,
786,James,Jones,,,
787,Joel,Anthony,,,
788,Dwyane,Wade,,,
789,Mario,Chalmers,,,
790,Michael,Beasley,,,
791,Daequan,Cook,,,
792,Jermaine,O'Neal,,,
793,Jamaal,Magloire,,,
794,Chris,Quinn,,,
795,Yakhouba,Diawara,,,
796,Dorell,Wright,,,
797,John,Salmons,,,
798,Tyrus,Thomas,,,
799,Ben,Gordon,,,
800,Brad,Miller,,,
801,Kirk,Hinrich,,,
802,Lindsey,Hunter,,,
803,Aaron,Gray,,,
804,Linton,Johnson,,,
805,Anthony,Roberson,,,
806,Tim,Thomas,,,
807,Samuel,Dalembert,,,
808,Willie,Green,,,
809,Andre,Miller,,,
810,Theo,Ratliff,,,
811,Donyell,Marshall,,,
812,Marreese,Speights,,,
813,Royal,Ivey,,,
814,Reggie,Evans,,,
815,Kareem,Rush,,,
816,Rudy,Fernandez,,,
817,Joel,Przybilla,,,
818,Brandon,Roy,,,
819,Steve,Blake,,,
820,Travis,Outlaw,,,
821,Greg,Oden,,,
822,Sergio,Rodriguez,,,
823,Channing,Frye,,,
824,Jerryd,Bayless,,,
825,Michael,Ruffin,,,
826,Peja,Stojakovic,,,
827,David,West,,,
828,Hilton,Armstrong,,,
829,Rasual,Butler,,,
830,Sean,Marks,,,
831,James,Posey,,,
832,Julian,Wright,,,
833,Antonio,Daniels,,,
834,Ryan,Bowen,,,
835,Devin,Brown,,,
836,Morris,Peterson,,,
837,Bruce,Bowen,,,
838,Tim,Duncan,,,
839,Matt,Bonner,,,
840,Michael,Finley,,,
841,Tony,Parker,,,
842,Kurt,Thomas,,,
843,Roger,Mason Jr.,,,
844,Ime,Udoka,,,
845,Drew,Gooden,,,
846,Fabricio,Oberto,,,
847,Jacque,Vaughn,,,
848,Andrei,Kirilenko,,,
849,Carlos,Boozer,,,
850,Mehmet,Okur,,,
851,Ronnie,Brewer,,,
852,Deron,Williams,,,
853,Brevin,Knight,,,
854,CJ,Miles,,,
855,Matt,Harpring,,,
856,Ronnie,Price,,,
857,Jarron,Collins,,,
858,Tayshaun,Prince,,,
859,Antonio,McDyess,,,
860,Rasheed,Wallace,,,
861,Richard,Hamilton,,,
862,Rodney,Stuckey,,,
863,Will,Bynum,,,
864,Jason,Maxiell,,,
865,Arron,Afflalo,,,
866,Walter,Herrmann,,,
867,Amir,Johnson,,,
868,Kwame,Brown,,,
869,Walter,Sharpe,,,
870,Jamario,Moon,,,
871,Kyrylo,Fesenko,,,
872,Speedy,Claxton,,,
873,Dikembe,Mutombo,,,
874,Leon,Powe,,,
875,Ryan,Anderson,,,
876,Trenton,Hassell,,,
877,Keyon,Dooling,,,
878,Chris,Douglas-Roberts,,,
879,Jarvis,Hayes,,,
880,Maurice,Ager,,,
881,Bobby,Simmons,,,
882,Josh,Boone,,,
883,Yi,Jianlian,,,
884,Sean,Williams,,,
885,Devin,Harris,,,
886,Al,Harrington,,,
887,David,Lee,,,
888,Jared,Jeffries,,,
889,Chris,Duhon,,,
890,Quentin,Richardson,,,
891,Nate,Robinson,,,
892,Larry,Hughes,,,
893,Chris,Wilcox,,,
894,Joe,Crawford,,,
895,Mouhamed,Sene,,,
896,Chris,Hunter,,,
897,Andres,Nocioni,,,
898,Jason,Thompson,,,
899,Ike,Diogu,,,
900,Francisco,Garcia,,,
901,Beno,Udrih,,,
902,Bobby,Jackson,,,
903,Rashad,McCants,,,
904,Donte,Greene,,,
905,Cedric,Simmons,,,
906,Calvin,Booth,,,
907,Spencer,Hawes,,,
908,Kevin,Martin,,,
909,Brian,Cardinal,,,
910,Mark,Madsen,,,
911,Jason,Collins,,,
912,Mike,Miller,,,
913,Kevin,Ollie,,,
914,Sebastian,Telfair,,,
915,Craig,Smith,,,
916,Ryan,Gomes,,,
917,Rodney,Carney,,,
918,Shelden,Williams,,,
919,Bobby,Brown,,,
920,Kelenna,Azubuike,,,
921,Anthony,Randolph,,,
922,Ronny,Turiaf,,,
923,Anthony,Morrow,,,
924,C.J.,Watson,,,
925,Andris,Biedrins,,,
926,Rob,Kurz,,,
927,Monta,Ellis,,,
928,Corey,Maggette,,,
929,Brandan,Wright,,,
930,Matt,Barnes,,,
931,Grant,Hill,,,
932,Shaquille,O'Neal,,,
933,Jason,Richardson,,,
934,Steve,Nash,,,
935,Leandro,Barbosa,,,
936,Lou,Amundson,,,
937,Stromile,Swift,,,
938,Alando,Tucker,,,
939,Nenad,Krstic,,,
940,Shaun,Livingston,,,
941,Nick,Collison,,,
942,Earl,Watson,,,
943,Kyle,Weaver,,,
944,DJ,White,,,
945,Damien,Wilkins,,,
946,Chucky,Atkins,,,
947,Malik,Rose,,,
948,Fred,Jones,,,
949,Marcus,Camby,,,
950,Chris,Kaman,,,
951,Baron,Davis,,,
952,Mike,Taylor,,,
953,Steve,Novak,,,
954,Alex,Acker,,,
955,Mardy,Collins,,,
956,Zach,Randolph,,,
957,Brian,Skinner,,,
958,Melvin,Ely,,,
959,Gerald,Wallace,,,
960,Boris,Diaw,,,
961,Nazr,Mohammed,,,
962,Raymond,Felton,,,
963,Emeka,Okafor,,,
964,DeSagana,Diop,,,
965,Dontell,Jefferson,,,
966,Juwan,Howard,,,
967,Vladimir,Radmanovic,,,
968,Sean,May,,,
969,Cartier,Martin,,,
970,Mark,Blount,,,
971,Darrell,Arthur,,,
972,O.J.,Mayo,,,
973,Hakim,Warrick,,,
974,Marko,Jaric,,,
975,Darko,Milicic,,,
976,Hamed,Haddadi,,,
977,Greg,Buckner,,,
978,Darius,Miles,,,
979,Quinton,Ross,,,
980,Richard,Jefferson,,,
981,Dan,Gadzuric,,,
982,Charlie,Bell,,,
983,Ramon,Sessions,,,
984,Francisco,Elson,,,
985,Charlie,Villanueva,,,
986,Joe,Alexander,,,
987,Luke,Ridnour,,,
988,Malik,Allen,,,
989,Keith,Bogans,,,
990,Damon,Jones,,,
991,Danny,Granger,,,
992,Troy,Murphy,,,
993,Roy,Hibbert,,,
994,Brandon,Rush,,,
995,Jarrett,Jack,,,
996,Jeff,Foster,,,
997,T.J.,Ford,,,
998,Josh,McRoberts,,,
999,Stephen,Graham,,,
1000,Rasho,Nesterovic,,,
1001,Travis,Diener,,,
1002,Maceo,Baston,,,
1003,Lorenzen,Wright,,,
1004,Jawad,Williams,,,
1005,Shawn,Marion,,,
1006,Chris,Bosh,,,
1007,Patrick,O'Bryant,,,
1008,Anthony,Parker,,,
1009,Jose,Calderon,,,
1010,Pops,Mensah-Bonsu,,,
1011,Roko,Ukic,,,
1012,Joey,Graham,,,
1013,Jason,Kapono,,,
1014,Jake,Voskuhl,,,
1015,Andrea,Bargnani,,,
1016,Quincy,Douby,,,
1017,Caron,Butler,,,
1018,Darius,Songaila,,,
1019,Dominic,McGuire,,,
1020,Javaris,Crittenton,,,
1021,Oleksiy,Pecherov,,,
1022,Juan,Dixon,,,
1023,Nick,Young,,,
1024,Gilbert,Arenas,,,
1025,Andray,Blatche,,,
1026,Brendan,Haywood,,,
1027,Antawn,Jamison,,,
1028,Robert,Swift,,,
1029,Al,Thornton,,,
1030,Marcus,Williams,,,
1031,DeMarcus,Nelson,,,
1032,Courtney,Sims,,,
1033,Sonny,Weems,,,
1034,Eddy,Curry,,,
1035,Ricky,Davis,,,
1036,Will,Solomon,,,
1037,Manu,Ginobili,,,
1038,JJ,Hickson,,,
1039,Stephen,Jackson,,,
1040,Randy,Foye,,,
1041,Raja,Bell,,,
1042,Kevin,Garnett,,,
1043,Allen,Iverson,,,
1044,Shavlik,Randolph,,,
1045,Luther,Head,,,
1046,Nathan,Jawai,,,
1047,Demetris,Nichols,,,
1048,Marcus,Banks,,,
1049,Cheikh,Samb,,,
1050,Jermareo,Davidson,,,
1051,Devean,George,,,
1052,Marquis,Daniels,,,
1053,J.R.,Giddens,,,
1054,Malik,Hairston,,,
1055,Chris,Mihm,,,
1056,Luol,Deng,,,
1057,Kosta,Koufos,,,
1058,Etan,Thomas,,,
1059,Alexis,Ajinca,,,
1060,DeShawn,Stevenson,,,
1061,Sun,Sun,,,
1062,Trey,Johnson,,,
1063,Eddie,Gill,,,
1064,Kenny,Thomas,,,
1065,Jerry,Stackhouse,,,
1066,Amar'e,Stoudemire,,,
1067,Sam,Cassell,,,
1068,Jerome,James,,,
1069,Morris,Almond,,,
1070,Tracy,McGrady,,,
1071,Sean,Singletary,,,
1072,Al,Jefferson,,,
1073,Mike,Dunleavy,,,
1074,Elton,Brand,,,
1075,Eduardo,Najera,,,
1076,Andrew,Bogut,,,
1077,Desmond,Mason,,,
1078,Austin,Croshere,,,
1079,Michael,Redd,,,
1080,Kris,Humphries,,,
1081,Shawne,Williams,,,
1082,Steve,Francis,,,
1083,Paul,Davis,,,
1084,Hassan,Adams,,,
1085,Steven,Hill,,,
1086,Dee,Brown,,,
1087,Blake,Ahearn,,,
1088,Antoine,Walker,,,
1089,Dwayne,Jones,,,
1090,Martell,Webster,,,
1091,Cuttino,Mobley,,,
1092,Desmon,Farmer,,,
1093,Andre,Brown,,,
1094,Coby,Karl,,,
1095,John,Lucas III,,,
1096,Patrick,Ewing,,,
1097,Brian,Hamilton,,,
1098,Julius,Hodge,,,
1099,Chris,Richard,,,
1100,Roger,Powell,,,
1101,Salim,Stoudamire,,,
1102,JaJuan,Smith,,,
1103,Jelani,McCoy,,,
1104,Robert,Hite,,,
1105,CJ,Giles,,,
1106,Justin,Williams,,,
1107,James,Mays,,,
1108,Mateen,Cleaves,,,
1109,Nick,Fazekas,,,
1110,Ruben,Patterson,,,
1111,Smush,Parker,,,
1112,Dan,Grunfeld,,,
1113,Brandon,Heath,,,
1114,Antywane,Robinson,,,
1115,Charles,Rhodes,,,
1116,Reyshawn,Terry,,,
1117,Darryl,Watkins,,,
1118,DerMarr,Johnson,,,
1119,Josh,Davis,,,
1120,DJ,Strawberry,,,
1121,Mike,Harris,,,
1122,Dan,Dickau,,,
1123,Richard,Hendrix,,,
1124,Matt,Freije,,,
1125,Cheyne,Gadson,,,
1126,Ronald,Dupree,,,
1127,Vernon,Hamilton,,,
1128,Charles,Gaines,,,
1129,Devin,Green,,,
1130,Mike,Wilks,,,
1131,Ron,Howard,,,
1132,Gabe,Muoneke,,,
1133,Gerry,McNamara,,,
1134,Kevin,Lyde,,,
1135,Curtis,Sumpter,,,
1136,Jared,Jordan,,,
1137,Chris,Alexander,,,
1138,Derrick,Byars,,,
1139,David,Padgett,,,
1140,Jamaal,Tatum,,,
1141,Luke,Jackson,,,
1142,Bobby,Jones,,,
1143,Noel,Felix,,,
1144,Rafael,Araujo,,,
1145,Kevin,Kruger,,,
1146,Donell,Taylor,,,
1147,Darius,Washington,,,
1148,Elton,Brown,,,
1149,Jared,Reiner,,,
1150,David,Noel,,,
1151,Dion,Dowell,,,
1152,Adrian,Griffin,,,
1153,Malick,Badiane,,,
1154,Taj,McCullough,,,
1155,Coleman,Collins,,,
1156,Lance,Allred,,,
1157,Jamal,Sampson,,,
1158,Brent,Petway,,,
1159,Kai,Zhang,,,
1160,TJ,Cummings,,,
1161,Eddie,Basden,,,
1162,Omar,Barlett,,,
1163,Ira,Newble,,,
1164,P.J.,Brown,,,
1165,Robert,Horry,,,
1166,Damon,Stoudamire,,,
1167,Jannero,Pargo,,,
1168,Bonzi,Wells,,,
1169,Billy,Thomas,,,
1170,Carlos,Arroyo,,,
1171,Pat,Garrity,,,
1172,James,Augustine,,,
1173,Josh,Childress,,,
1174,Jason,Smith,,,
1175,Gordan,Giricek,,,
1176,Eric,Piatkowski,,,
1177,Eddie,Jones,,,
1178,Carlos,Delfino,,,
1179,Primoz,Brezec,,,
1180,Loren,Woods,,,
1181,Aaron,Williams,,,
1182,Kirk,Snyder,,,
1183,Awvee,Storey,,,
1184,Michael,Doleac,,,
1185,Juan,Carlos Navarro,,,
1186,Casey,Jacobsen,,,
1187,Bostjan,Nachbar,,,
1188,Darrell,Armstrong,,,
1189,Stephane,Lasme,,,
1190,Kasib,Powell,,,
1191,Earl,Barron,,,
1192,Jason,Williams,,,
1193,Alexander,Johnson,,,
1194,Earl,Boykins,,,
1195,Derek,Anderson,,,
1196,Othella,Harrington,,,
1197,David,Harrison,,,
1198,Andre,Owens,,,
1199,Raef,LaFrentz,,,
1200,Kosta,Perovic,,,
1201,Chris,Webber,,,
1202,Taurean,Green,,,
1203,Darrick,Martin,,,
1204,Mickael,Gelabale,,,
1205,Eric,Snow,,,
1206,Kaniel,Dickens,,,
1207,Andre,Barrett,,,
1208,Alonzo,Mourning,,,
1209,Scot,Pollard,,,
1210,Jeff,McInnis,,,
1211,JamesOn,Curry,,,
1212,Marcus,Vinicius,,,
1213,Jamaal,Tinsley,,,
1214,Viktor,Khryapa,,,
1215,Adam,Haluska,,,
1216,Guillermo,Diaz,,,
1217,Richie,Frahm,,,
1218,Keith,Langford,,,
1219,Troy,Hudson,,,
1220,Anfernee,Hardaway,,,
1221,Orien,Greene,,,
1222,Shareef,Abdur-Rahim,,,
1223,Bo,Outlaw,,,
1224,Jorge,Garbajosa,,,
1225,Brandon,Wallace,,,
1226,Mustafa,Shakur,,,
1227,David,Wesley,,,
1228,Justin,Reed,,,
1229,Yaroslav,Korolev,,,
1230,Steven,Smith,,,
1231,Sammy,Mejia,,,
1232,Walker,Russell,,,
1233,Jackie,Manuel,,,
1234,Brian,Chase,,,
1235,Marcus,Slaughter,,,
1236,Kris,Lang,,,
1237,Lukasz,Obrzut,,,
1238,Darvin,Ham,,,
1239,Jared,Newson,,,
1240,Mike,Hall,,,
1241,Chris,Ellis,,,
1242,Herbert,Hill,,,
1243,Jared,Homan,,,
1244,Jermaine,Jackson,,,
1245,Jackie,Butler,,,
1246,Andre,Patterson,,,
1247,Larry,Turner,,,
1248,Jameel,Watkins,,,
1249,Darius,Rice,,,
1250,Jumaine,Jones,,,
1251,Mile,Ilic,,,
1252,Anthony,Lever-Pedroza,,,
1253,Tierre,Brown,,,
1254,Damone,Brown,,,
1255,Donnell,Harvey,,,
1256,Allan,Houston,,,
1257,Brad,Stricker,,,
1258,Stacey,Augmon,,,
1259,John,Edwards,,,
1260,Tony,Massenburg,,,
1261,Pat,Burke,,,
1262,Rod,Benson,,,
1263,JR,Pinnock,,,
1264,Deji,Akindele,,,
1265,Adam,Parada,,,
1266,Brandon,Robinson,,,
1267,Nik,Caner-Medley,,,
1268,Rashid,Byrd,,,
1269,Torrell,Martin,,,
1270,Kimani,Ffriend,,,
1271,Esteban,Batista,,,
1272,Anthony,Richardson,,,
1273,Chet,Mason,,,
1274,Jamon,Lucas,,,
1275,Willie,Deane,,,
1276,Joseph,Blair,,,
1277,Gerald,Fitch,,,
1278,Wayne,Simien,,,
1279,Dale,Davis,,,
1280,Jalen,Rose,,,
1281,Clifford,Robinson,,,
1282,Michael,Sweetney,,,
1283,Sarunas,Jasikevicius,,,
1284,Bernard,Robinson,,,
1285,Vassilis,Spanoulis,,,
1286,Jake,Tsakalidis,,,
1287,Kevin,Willis,,,
1288,Shammond,Williams,,,
1289,Gary,Payton,,,
1290,Keith,McLeod,,,
1291,Rawle,Marshall,,,
1292,Marc,Jackson,,,
1293,Daniel,Ewing,,,
1294,Will,Conroy,,,
1295,Randy,Livingston,,,
1296,Danny,Fortson,,,
1297,Luke,Schenscher,,,
1298,Junior,Harrington,,,
1299,Lawrence,Roberts,,,
1300,Bracey,Wright,,,
1301,Vitaly,Potapenko,,,
1302,Corliss,Williamson,,,
1303,Allan,Ray,,,
1304,Lynn,Greer,,,
1305,Damir,Markota,,,
1306,Kelvin,Cato,,,
1307,Alan,Anderson,,,
1308,Alan,Henderson,,,
1309,Uros,Slokar,,,
1310,Pape,Sow,,,
1311,Slava,Medvedenko,,,
1312,Kevinn,Pinkney,,,
1313,Will,Blalock,,,
1314,Aaron,McKie,,,
1315,Zeljko,Rebraca,,,
1316,Michael,Olowokandi,,,
1317,Scott,Padgett,,,
1318,Eddie,Griffin,,,
1319,Eric,Williams,,,
1320,James,Lang,,,
1321,Doug,Christie,,,
1322,Renaldo,Major,,,
1323,Alvin,Williams,,,
1324,Dijon,Thompson,,,
1325,Maurice,Taylor,,,
1326,Andreas,Glyniadakis,,,
1327,Chris,McCray,,,
1328,Cedric,Bozeman,,,
1329,Ivan,McFarlin,,,
1330,Dajuan,Wagner,,,
1331,Vin,Baker,,,
1332,Ha,Ha,,,
1333,Kevin,Burleson,,,
1334,Martynas,Andriuskevicius,,,
1335,Hiram,Fuller,,,
1336,Matt,Walsh,,,
1337,Vincent,Grier,,,
1338,Ryan,Humphrey,,,
1339,Zendon,Hamilton,,,
1340,Milone,Clark,,,
1341,Nikoloz,Tskitishvili,,,
1342,Paul,Miller,,,
1343,Rick,Brunson,,,
1344,Luis,Flores,,,
1345,Charles,Lee,,,
1346,Jamar,Smith,,,
1347,Melvin,Sanders,,,
1348,Antoine,Hood,,,
1349,Antonio,Burks,,,
1350,Ndudi,Ebi,,,
1351,Lamond,Murray,,,
1352,Milt,Palacio,,,
1353,Tyrone,Ellis,,,
1354,Jay,Williams,,,
1355,Dawan,Robinson,,,
1356,Zarko,Cabarkapa,,,
1357,Scooter,McFadgon,,,
1358,Olu,Famutimi,,,
1359,Rich,Melzer,,,
1360,Michaela,Pavlickova,,,
1361,Michelle,Snow,,,
1362,Jimmie,Hunter,,,
1363,Paul,Shirley,,,
1364,Akin,Akingbala,,,
1365,Kevin,Pittsnogle,,,
1366,Daniel,Horton,,,
1367,Donta,Smith,,,
1368,Matt,Haryasz,,,
1369,Davin,White,,,
1370,Rick,Rickert,,,
1371,Sean,Lampley,,,
1372,Cezary,Trybanski,,,
1373,LaVell,Blanchard,,,
1374,Brandon,Bowman,,,
1375,Denham,Brown,,,
1376,Rob,Griffin,,,
1377,Pat,Carroll,,,
1378,Brandon,Hunter,,,
1379,Ondrej,Starosta,,,
1380,Pooh,Jeter,,,
1381,Kenny,Adeleke,,,
1382,Laron,Profit,,,
1383,Joe,Shipp,,,
1384,Shandon,Anderson,,,
1385,Keith,Van Horn,,,
1386,Brian,Grant,,,
1387,Tony,Delk,,,
1388,Nick,Van Exel,,,
1389,Walter,McCarty,,,
1390,John,Thomas,,,
1391,Zoran,Planinic,,,
1392,Jim,Jackson,,,
1393,Toni,Kukoc,,,
1394,Jiri,Welsch,,,
1395,Ervin,Johnson,,,
1396,Howard,Eisley,,,
1397,Boniface,Ndong,,,
1398,Maciej,Lampe,,,
1399,Moochie,Norris,,,
1400,Marcus,Fizer,,,
1401,Arvydas,Macijauskas,,,
1402,Voshon,Lenard,,,
1403,Calbert,Cheaney,,,
1404,Greg,Ostertag,,,
1405,Pavel,Podkolzin,,,
1406,Anthony,Grundy,,,
1407,Qyntel,Woods,,,
1408,Derrick,Zimmerman,,,
1409,Michael,Bradley,,,
1410,Lonny,Baxter,,,
1411,Jackson,Vroman,,,
1412,Sergei,Monia,,,
1413,Reece,Gaines,,,
1414,Robert,Whaley,,,
1415,Antonio,Davis,,,
1416,Mario,Kasun,,,
1417,Bryon,Russell,,,
1418,Charles,Smith,,,
1419,Jon,Barry,,,
1420,James,Thomas,,,
1421,Terence,Morris,,,
1422,Chris,Taft,,,
1423,Peter,John Ramos,,,
1424,Lee,Nailon,,,
1425,Randy,Holcomb,,,
1426,Sean,Banks,,,
1427,Samaki,Walker,,,
1428,Aaron,Miles,,,
1429,Sharrod,Ford,,,
1430,Kevin,Pritchard,,,
1431,Alex,Scales,,,
1432,Jonathan,Bender,,,
1433,Anthony,Goldwire,,,
1434,Deng,Gai,,,
1435,Jamal,Mashburn,,,
1436,Curtis,Borchardt,,,
1437,Jahidi,White,,,
1438,Obinna,Ekezie,,,
1439,Lionel,Chalmers,,,
1440,Tommy,Smith,,,
1441,Corey,Williams,,,
1442,Toree,Morris,,,
1443,Bernie,Bickerstaff,,,
1444,Tony,Bobbitt,,,
1445,Spencer,Nelson,,,
1446,Alex,Garcia,,,
1447,Andre,Emmett,,,
1448,Jamison,Brewer,,,
1449,Otis,George,,,
1450,Steven,Barber,,,
1451,Scott,Skiles,,,
1452,Justin,Davis,,,
1453,Ray,Young,,,
1454,Rodney,White,,,
1455,Yuta,Tabuse,,,
1456,Mark,Ayotte,,,
1457,Violet,Palmer,,,
1458,Luis,Grillo,,,
1459,Jeff,Van Gundy,,,
1460,Eric,Chenowith,,,
1461,Antonio,Meeking,,,
1462,Eric,Sandrin,,,
1463,Adam,Chubb,,,
1464,Arthur,Johnson,,,
1465,Ben,Handlogten,,,
1466,Ricky,Shields,,,
1467,Ruben,Boumtje-Boumtje,,,
1468,Ajani,Williams,,,
1469,Lucas,Tischer,,,
1470,D'or,Fischer,,,
1471,Jason,Capel,,,
1472,Nigel,Dixon,,,
1473,Theron,Smith,,,
1474,Steve,Castleberry,,,
1475,Bryant,Matthews,,,
1476,Robert,Pack,,,
1477,Fred,Vinson,,,
1478,Mark,Pope,,,
1479,Erik,Daniels,,,
1480,Mamadou,N'diaye,,,
1481,Kennedy,Winston,,,
1482,Filiberto,Rivera,,,
1483,Ken,Johnson,,,
1484,Troy,Bell,,,
1485,Sam,Clancy,,,
1486,Cory,Violette,,,
1487,Todd,Day,,,
1488,Marcus,Campbell,,,
1489,Matt,Nelson,,,
1490,Kyle,Bailey,,,
1491,Herve,Lamizana,,,
1492,Jason,Collier,,,
1493,Mark,Strickland,,,
1494,Mark,Karcher,,,
1495,Felipe,Lopez,,,
1496,Erick,Strickland,,,
1497,Mengke,Bateer,,,
1498,Kevin,Braswell,,,
1499,Elden,Campbell,,,
1500,Glenn,Robinson,,,
1501,Christian,Laettner,,,
1502,Shawn,Bradley,,,
1503,Reggie,Miller,,,
1504,Anthony,Peeler,,,
1505,Bob,Sura,,,
1506,Clar.,Weatherspoon,,,
1507,Lawrence,Funderburke,,,
1508,Wesley,Person,,,
1509,Rodney,Rogers,,,
1510,Travis,Best,,,
1511,Rodney,Buford,,,
1512,Jabari,Smith,,,
1513,Mark,Jones,,,
1514,Tom,Gugliotta,,,
1515,Predrag,Drobnjak,,,
1516,Michael,Stewart,,,
1517,George,Lynch,,,
1518,Robert,Traylor,,,
1519,Lucious,Harris,,,
1520,Omar,Cook,,,
1521,Vlade,Divac,,,
1522,Horace,Jenkins,,,
1523,Cory,Alexander,,,
1524,Torraye,Braggs,,,
1525,Jerome,Williams,,,
1526,Bruno,Sundov,,,
1527,Latrell,Sprewell,,,
1528,Fred,Hoiberg,,,
1529,Daniel,Santiago,,,
1530,Wang,Zhi-zhi,,,
1531,Dion,Glover,,,
1532,Maurice,Baker,,,
1533,Kenny,Anderson,,,
1534,Frank,Williams,,,
1535,Andrew,DeClercq,,,
1536,Ron,Mercer,,,
1537,Scott,Williams,,,
1538,Rod,Strickland,,,
1539,Jerome,Moiso,,,
1540,Raul,Lopez,,,
1541,Kedrick,Brown,,,
1542,Kerry,Kittles,,,
1543,Ibrahim,Kutluay,,,
1544,Courtney,Alexander,,,
1545,Michael,Curry,,,
1546,Brandin,Knight,,,
1547,Corsley,Edwards,,,
1548,Kendall,Gill,,,
1549,Aleksandar,Radojevic,,,
1550,Ansu,Sesay,,,
1551,Kirk,Penney,,,
1552,Charlie,Ward,,,
1553,Marcus,Haislip,,,
1554,Geno,Carlisle,,,
1555,Tamar,Slay,,,
1556,Tremaine,Fowlkes,,,
1557,Britton,Johnsen,,,
1558,Derrick,Coleman,,,
1559,Tim,Pickett,,,
1560,Anthony,Miller,,,
1561,Romain,Sato,,,
1562,Alton,Ford,,,
1563,David,Bluthenthal,,,
1564,Ricky,Minard,,,
1565,Marcus,Hatten,,,
1566,Jason,Sasser,,,
1567,Rashad,Wright,,,
1568,Brandon,Williams,,,
1569,Juaquin,Hawkins,,,
1570,Trajan,Langdon,,,
1571,Vladimir,Stepania,,,
1572,Jason,Miskiri,,,
1573,Jerome,Beasley,,,
1574,Derrick,Dial,,,
1575,Galen,Young,,,
1576,Derek,Hood,,,
1577,Marque,Perry,,,
1578,Tracy,Murray,,,
1579,Blake,Stepp,,,
1580,David,Hawkins,,,
1581,Nate,Williams,,,
1582,Brandon,Armstrong,,,
1583,Mitchell,Butler,,,
1584,Anwar,Ferguson,,,
1585,Tony,Bland,,,
1586,Ike,Nwankwo,,,
1587,Jerry,Dupree,,,
1588,Nate,Johnson,,,
1589,Neil,Yanke,,,
1590,Rick,Fox,,,
1591,Karl,Malone,,,
1592,Oliver,Miller,,,
1593,Gary,Trent,,,
1594,Maurice,Carter,,,
1595,Mark,Jackson,,,
1596,Dana,Barros,,,
1597,Amal,McCaskill,,,
1598,Sean,Rooks,,,
1599,Corie,Blount,,,
1600,Robert,Archibald,,,
1601,Desmond,Ferguson,,,
1602,J.R.,Bremer,,,
1603,Avery,Johnson,,,
1604,Popeye,Jones,,,
1605,Chris,Crawford,,,
1606,Travis,Hansen,,,
1607,Ernest,Brown,,,
1608,John,Wallace,,,
1609,Jeff,Trepagnier,,,
1610,Doug,Overton,,,
1611,Chris,Jefferies,,,
1612,Eddie,Robinson,,,
1613,Leon,Smith,,,
1614,Charles,Oakley,,,
1615,Chris,Whitney,,,
1616,Hubert,Davis,,,
1617,Horace,Grant,,,
1618,Bimbo,Coles,,,
1619,Rusty,LaRue,,,
1620,Desmond,Penigar,,,
1621,Chris,Mills,,,
1622,Bryce,Drew,,,
1623,Keon,Clark,,,
1624,Scottie,Pippen,,,
1625,Paul,Grant,,,
1626,Slavko,Vranes,,,
1627,Glen,Rice,,,
1628,John,Amaechi,,,
1629,Olden,Polynice,,,
1630,Monty,Williams,,,
1631,Cherokee,Parks,,,
1632,Quincy,Lewis,,,
1633,Dan,Langhi,,,
1634,Tyrone,Hill,,,
1635,Shane,Heal,,,
1636,Carl,English,,,
1637,Michael,Smith,,,
1638,Peter,Cornell,,,
1639,Chris,Carr,,,
1640,Justin,Hamilton,,,
1641,Ronald,Blackshear,,,
1642,Travis,Knight,,,
1643,A.J.,Guyton,,,
1644,Tang,Hamilton,,,
1645,Jon,Stefansson,,,
1646,Tariq,Abdul-Wahad,,,
1647,Rick,Apodaca,,,
1648,Nick,Sheppard,,,
1649,Joe,Crispin,,,
1650,Robb,Dryden,,,
1651,David,Jackson,,,
1652,Jason,Jennings,,,
1653,Richard,Jeter,,,
1654,Shelton,Jones,,,
1655,Ademola,Okulaja,,,
1656,Demetrius,Alexander,,,
1657,Jermaine,Boyette,,,
1658,Lavor,Postell,,,
1659,Cole,Aldrich,,,
1660,Lazar,Hayward,,,
1661,Norris,Cole,,,
1662,Terrel,Harris,,,
1663,Greg,Stiemsma,,,
1664,Dexter,Pittman,,,
1665,Tiago,Splitter,,,
1666,Gary,Neal,,,
1667,DeJuan,Blair,,,
1668,James,Anderson,,,
1669,Lavoy,Allen,,,
1670,Jodie,Meeks,,,
1671,Craig,Brackins,,,
1672,Xavier,Silas,,,
1673,Darren,Collison,,,
1674,Tyler,Hansbrough,,,
1675,Jeff,Ayres,,,
1676,AJ,Price,,,
1677,Lance,Stephenson,,,
1678,Sam,Young,,,
1679,Jordan,Hill,,,
1680,Devin,Ebanks,,,
1681,Andrew,Goudelock,,,
1682,Darius,Morris,,,
1683,Trey,Thompkins,,,
1684,Quincy,Pondexter,,,
1685,Dante,Cunningham,,,
1686,Lester,Hudson,,,
1687,Josh,Selby,,,
1688,Kenneth,Faried,,,
1689,Timofey,Mozgov,,,
1690,Ty,Lawson,,,
1691,Jordan,Hamilton,,,
1692,Julyan,Stone,,,
1693,Omer,Asik,,,
1694,Ivan,Johnson,,,
1695,Christian,Eyenga,,,
1696,Landry,Fields,,,
1697,Toney,Douglas,,,
1698,Josh,Harrellson,,,
1699,Jerome,Jordan,,,
1700,Daniel,Orton,,,
1701,Earl,Clark,,,
1702,Justin,Harper,,,
1703,Jeremy,Evans,,,
1704,Rodrigue,Beaubois,,,
1705,Travis,Leslie,,,
1706,Jerome,Dyson,,,
1707,Greivis,Vasquez,,,
1708,Gustavo,Ayon,,,
1709,Xavier,Henry,,,
1710,Chase,Budinger,,,
1711,Greg,Smith,,,
1712,Courtney,Fortson,,,
1713,Diamon,Simpson,,,
1714,Jordan,Williams,,,
1715,MarShon,Brooks,,,
1716,Sundiata,Gaines,,,
1717,Armon,Johnson,,,
1718,Ben,Uzoh,,,
1719,Solomon,Alabi,,,
1720,Gary,Forbes,,,
1721,Chris,Wright,,,
1722,Jeremy,Tyler,,,
1723,Mickell,Gladness,,,
1724,Charles,Jenkins,,,
1725,Tyreke,Evans,,,
1726,Jimmer,Fredette,,,
1727,Terrence,Williams,,,
1728,Tyler,Honeycutt,,,
1729,Marcus,Thornton,,,
1730,Luke,Babbitt,,,
1731,Nolan,Smith,,,
1732,Jonny,Flynn,,,
1733,Hasheem,Thabeet,,,
1734,Wesley,Johnson,,,
1735,Nikola,Pekovic,,,
1736,Derrick,Williams,,,
1737,Malcolm,Lee,,,
1738,DeAndre,Liggins,,,
1739,Alonzo,Gee,,,
1740,Donald,Sloan,,,
1741,Samardo,Samuels,,,
1742,D.J.,Kennedy,,,
1743,Manny,Harris,,,
1744,Luke,Harangody,,,
1745,Omri,Casspi,,,
1746,Dominique,Jones,,,
1747,Byron,Mullens,,,
1748,Gerald,Henderson,,,
1749,Cory,Higgins,,,
1750,Derrick,Brown,,,
1751,Reggie,Williams,,,
1752,Chris,Singleton,,,
1753,Jan,Vesely,,,
1754,Kevin,Seraphin,,,
1755,Shelvin,Mack,,,
1756,Trevor,Booker,,,
1757,Jordan,Crawford,,,
1758,Jon,Leuer,,,
1759,Ekpe,Udoh,,,
1760,Brandon,Jennings,,,
1761,Larry,Sanders,,,
1762,Jon,Brockman,,,
1763,JaJuan,Johnson,,,
1764,Greg,Monroe,,,
1765,Jonas,Jerebko,,,
1766,Austin,Daye,,,
1767,Vernon,Macklin,,,
1768,Justin,Dentmon,,,
1769,Semih,Erden,,,
1770,Chris,Johnson,,,
1771,Dennis,Horner,,,
1772,Jeremy,Lin,,,
1773,Keith,Benson,,,
1774,Malcolm,Thomas,,,
1775,Edwin,Ubiles,,,
1776,Jerry,Smith,,,
1777,Eric,Dawson,,,
1778,Jeff,Foote,,,
1779,Elliot,Williams,,,
1780,Ryan,Reid,,,
1781,Damion,James,,,
1782,Carldell,Johnson,,,
1783,DaJuan,Summers,,,
1784,Jeff,Adrien,,,
1785,Hamady,Ndiaye,,,
1786,Mychel,Thompson,,,
1787,Larry,Owens,,,
1788,Darington,Hobson,,,
1789,Eric,Maynor,,,
1790,Garret,Siler,,,
1791,Magnum,Rolle,,,
1792,Pape,Sy,,,
1793,Durrell,Summers,,,
1794,Taylor,Griffin,,,
1795,Marcus,Landry,,,
1796,Frank,Hassell,,,
1797,Gani,Lawal,,,
1798,Luke,Zeller,,,
1799,Gilbert,Brown,,,
1800,Jarrid,Famous,,,
1801,Matt,Rogers,,,
1802,Tyren,Johnson,,,
1803,Drew,Neitzel,,,
1804,Jerome,Randle,,,
1805,Isma'il,Muhammad,,,
1806,Marcus,Hubbard,,,
1807,Jeremy,Wise,,,
1808,Doug,Thomas,,,
1809,Gary,Flowers,,,
1810,Julian,Khazzouh,,,
1811,Tommy,Mitchell,,,
1812,Adrian,Oliver,,,
1813,Lawrence,Hill,,,
1814,David,Andersen,,,
1815,Moses,Ehambe,,,
1816,Terrico,White,,,
1817,Darnell,Lazare,,,
1818,Marqus,Blakely,,,
1819,Willie,Warren,,,
1820,Zabian,Dowdell,,,
1821,Derrick,Caracter,,,
1822,Jermaine,Taylor,,,
1823,Othyus,Jeffers,,,
1824,Marcus,Cousin,,,
1825,Jerel,McNeal,,,
1826,Andy,Rautins,,,
1827,Sherron,Collins,,,
1828,Matt,Janning,,,
1829,Curtis,Jerrells,,,
1830,Trent,Plaisted,,,
1831,Eric,Boateng,,,
1832,Elijah,Millsap,,,
1833,Drew,Naymick,,,
1834,Raymond,Sykes,,,
1835,Kenny,Hasbrouck,,,
1836,Evan,Brock,,,
1837,Ricardo,Marsh,,,
1838,Richard,Delk,,,
1839,Stanley,Robinson,,,
1840,Chris,Kramer,,,
1841,Ryan,Thompson,,,
1842,James,Gist,,,
1843,Connor,Atchley,,,
1844,Longar,Longar,,,
1845,Kevin,Palmer,,,
1846,Antonio,Anderson,,,
1847,Vernon,Goodridge,,,
1848,Anthony,Mason,,,
1849,Tre,Kelley,,,
1850,Shane,Edwards,,,
1851,Jon,Scheyer,,,
1852,Stephen,Dennis,,,
1853,Cedric,Jackson,,,
1854,Oliver,Lafayette,,,
1855,Trey,Gilder,,,
1856,Deron,Washington,,,
1857,Tony,Gaffney,,,
1858,Thomas,Kelati,,,
1859,Romel,Beck,,,
1860,Goran,Suton,,,
1861,Carlos,Powell,,,
1862,Dionte,Christmas,,,
1863,Leon,Rodgers,,,
1864,Luke,Nevill,,,
1865,Russell,Robinson,,,
1866,Shaun,Pruitt,,,
1867,Frank,Robinson,,,
1868,Dontaye,Draper,,,
1869,Michael,Fey,,,
1870,David,Monds,,,
1871,Lanny,Smith,,,
1872,Warren,Carter,,,
1873,Bennet,Davis,,,
1874,Stanton,Kidd,,,
1875,Jalen,Jones,,,
1876,Haywood,Highsmith,,,
1877,Christ,Koumadje,,,
1878,Isaiah,Miles,,,
1879,Isaiah,Taylor,,,
1880,Devin,Robinson,,,
1881,CJ,Massinburg,,,
1882,C.J.,Williams,,,
1883,Matur,Maker,,,
1884,Davon,Reed,,,
1885,Skyler,Flatten,,,
1886,Bubu,Palo,,,
1887,Jalen,Adams,,,
1888,Javon,Bess,,,
1889,Kavell,Bigby-Williams,,,
1890,V.J.,King,,,
1891,Lamar,Peters,,,
1892,Miles,Plumlee,,,
1893,Ivan,Rabb,,,
1894,Daulton,Hommes,,,
1895,Demetrius,Jackson,,,
1896,Marcus,Allen,,,
1897,Andrew,Harrison,,,
1898,Kavion,Pippen,,,
1899,Troy,Caupain,,,
1900,London,Perrantes,,,
1901,Donte,Grantham,,,
1902,B.J.,Taylor,,,
1903,Tahjere,McCall,,,
1904,Marcus,Derrickson,,,
1905,Jordan,Sibert,,,
1906,Justin,Simon,,,
1907,Milton,Doyle,,,
1908,Tyus,Battle,,,
1909,Barry,Brown,,,
1910,Jon,Davis,,,
1911,Isaac,Humphries,,,
1912,Todd,Withers,,,
1913,Kobi,Simmons,,,
1914,Ahmed,Hill,,,
1915,Jaron,Blossomgame,,,
1916,Abdul,Gaddy,,,
1917,DeVaughn,Akoon-Purcell,,,
1918,Myke,Henry,,,
1919,Eric,Moreland,,,
1920,Kyle,Collinsworth,,,
1921,Reggie,Hearn,,,
1922,Walt,Lemon Jr.,,,
1923,C.J.,Wilcox,,,
1924,Kaiser,Gates,,,
1925,Yante,Maten,,,
1926,Jarell,Martin,,,
1927,Daniel,Hamilton,,,
1928,Aric,Holman,,,
1929,Tyler,Lydon,,,
1930,Hollis,Thompson,,,
1931,Tyler,Ulis,,,
1932,Norense,Odiase,,,
1933,David,Kramer,,,
1934,David,Stockton,,,
1935,Dedric,Lawson,,,
1936,Perrion,Callandret,,,
1937,Sagaba,Konate,,,
1938,Luke,Maye,,,
1939,Phil,Booth,,,
1940,Jemerrio,Jones,,,
1941,Deng,Adel,,,
1942,John,Egbunu,,,
1943,Josh,Perkins,,,
1944,Amir,Hinton,,,
1945,Yudai,Baba,,,
1946,Isaiah,Pineiro,,,
1947,Jordan,Murphy,,,
1948,Lindell,Wigginton,,,
1949,James,Palmer Jr.,,,
1950,Terry,Larrier,,,
1951,Thomas,Welsh,,,
1952,Anthony,Bennett,,,
1953,Devyn,Marble,,,
1954,Hassani,Gravett,,,
1955,JaKeenan,Gant,,,
1956,Nikola,Mirotic,,,
1957,Jonathon,Simmons,,,
1958,Guerschon,Yabusele,,,
1959,Donatas,Motiejunas,,,
1960,Jonathan,Gibson,,,
1961,Deyonta,Davis,,,
1962,Alan,Williams,,,
1963,John,Jenkins,,,
1964,Isaiah,Hicks,,,
1965,Billy,Garrett,,,
1966,Wayne,Selden,,,
1967,Brandon,Sampson,,,
1968,Antonio,Blakeney,,,
1969,Tyler,Dorsey,,,
1970,Julian,Washburn,,,
1971,Jawun,Evans,,,
1972,Bonzie,Colson,,,
1973,Salah,Mejri,,,
1974,Jared,Terrell,,,
1975,Mitchell,Creek,,,
1976,Tyler,Cavanaugh,,,
1977,Troy,Williams,,,
1978,Jordan,Loyd,,,
1979,Ian,Clark,,,
1980,Dairis,Bertans,,,
1981,RJ,Hunter,,,
1982,Sam,Dekker,,,
1983,Angel,Delgado,,,
1984,Cody,Demps,,,
1985,Scott,Machado,,,
1986,Andre,Ingram,,,
1987,Terrence,Jones,,,
1988,Isaiah,Briscoe,,,
1989,Alex,Poythress,,,
1990,Trevon,Duval,,,
1991,Isaiah,Canaan,,,
1992,Emanuel,Terry,,,
1993,Scotty,Hopson,,,
1994,Richard,Solomon,,,
1995,Wade,Baldwin IV,,,
1996,Alex,Abrines,,,
1997,Kalin,Lucas,,,
1998,Quincy,Acy,,,
1999,Malachi,Richardson,,,
2000,Ron,Baker,,,
2001,Lorenzo,Brown,,,
2002,Milos,Teodosic,,,
2003,Keenan,Evans,,,
2004,Jaylen,Morris,,,
2005,Okaro,White,,,
2006,Zach,Lofton,,,
2007,George,King,,,
2008,DJ,Stephens,,,
2009,Tyler,Davis,,,
2010,Zhou,Qi,,,
2011,John,Holland,,,
2012,Chinanu,Onuaku,,,
2013,Billy,Preston,,,
2014,Travis,Wear,,,
2015,Jeffrey,Carroll,,,
2016,Angel,Rodriguez,,,
2017,Tim,Bond,,,
2018,Markel,Crawford,,,
2019,Doral,Moore,,,
2020,Darius,Johnson-Odom,,,
2021,Jonathan,Stark,,,
2022,Zach,Smith,,,
2023,Yanyuhang,Ding,,,
2024,Nick,Johnson,,,
2025,Braian,Angola-Rodas,,,
2026,Thomas,Robinson,,,
2027,C.J.,Anderson,,,
2028,Briante,Weber,,,
2029,Raphiael,Putney,,,
2030,Rodney,Purvis,,,
2031,Jarnell,Stokes,,,
2032,Jeffrey,Coby,,,
2033,Jairus,Lyles,,,
2034,Isaiah,Cousins,,,
2035,Isaac,Haas,,,
2036,Kay,Felder,,,
2037,Garlon,Green,,,
2038,Brandon,McCoy,,,
2039,Charles,Cooke,,,
2040,Will,Cherry,,,
2041,Elijah,Stewart,,,
2042,Ben,Moore,,,
2043,Omari,Johnson,,,
2044,Josh,Huestis,,,
2045,Nuni,Omot,,,
2046,Tiwian,Kendley,,,
2047,Johnny,Hamilton,,,
2048,Desi,Rodriguez,,,
2049,Shabazz,Muhammad,,,
2050,KJ,McDaniels,,,
2051,Bryce,Alford,,,
2052,Codi,Miller-McIntyre,,,
2053,Anthony,Brown,,,
2054,Jaylen,Barford,,,
2055,Isaiah,Wilkins,,,
2056,Rob,Gray,,,
2057,Ismaila,Kane,,,
2058,Joel,Berry II,,,
2059,Marcus,Georges-Hunt,,,
2060,Jeff,Roberson,,,
2061,Nick,King,,,
2062,Jabari,Bird,,,
2063,Chris,McCullough,,,
2064,Jamel,Artis,,,
2065,Tyrius,Walker,,,
2066,Marcus,Lee,,,
2067,Trey,Lewis,,,
2068,Justin,Bibbs,,,
2069,Tarik,Black,,,
2070,Aaron,Jackson,,,
2071,Shane,Larkin,,,
2072,Lucas,Nogueira,,,
2073,Joe,Young,,,
2074,Dakari,Johnson,,,
2075,Joffrey,Lauvergne,,,
2076,Brandon,Paul,,,
2077,Jack,Cooley,,,
2078,Nigel,Hayes,,,
2079,Tyler,Ennis,,,
2080,Dwight,Buycks,,,
2081,Sean,Kilpatrick,,,
2082,James,Webb III,,,
2083,Marcus,Paige,,,
2084,Andrew,White III,,,
2085,Alec,Peters,,,
2086,Aaron,Harrison,,,
2087,Tim,Quarterman,,,
2088,Georgios,Papagiannis,,,
2089,Xavier,Munford,,,
2090,Marshall,Plumlee,,,
2091,Jordan,Mickey,,,
2092,Marquis,Teague,,,
2093,Larry,Drew II,,,
2094,Darrun,Hilliard,,,
2095,Brice,Johnson,,,
2096,Paul,Zipser,,,
2097,Mangok,Mathiang,,,
2098,James,Young,,,
2099,Jameel,Warney,,,
2100,Erik,McCree,,,
2101,Isaiah,Whitehead,,,
2102,Matt,Costello,,,
2103,Xavier,Rathan-Mayes,,,
2104,Malcolm,Delaney,,,
2105,Jarell,Eddie,,,
2106,Kyle,Singler,,,
2107,Rashad,Vaughn,,,
2108,Trey,McKinney-Jones,,,
2109,Markel,Brown,,,
2110,Willie,Reed,,,
2111,Johnny,O'Bryant III,,,
2112,Luis,Montero,,,
2113,James,Michael McAdoo,,,
2114,Jacob,Wiley,,,
2115,Vander,Blue,,,
2116,Jacob,Pullen,,,
2117,Matt,Williams Jr.,,,
2118,Jamil,Wilson,,,
2119,Joel,Bolomboy,,,
2120,Adreian,Payne,,,
2121,Vincent,Hunter,,,
2122,Nate,Wolters,,,
2123,Jeff,Withey,,,
2124,Yakuba,Ouattara,,,
2125,Nicolas,Brussino,,,
2126,Gian,Clavell,,,
2127,Mindaugas,Kuzminskas,,,
2128,Mirza,Teletovic,,,
2129,Carrick,Felix,,,
2130,Mike,Young,,,
2131,Ike,Iroegbu,,,
2132,Matt,Jones,,,
2133,Michael,Gbinije,,,
2134,AJ,Hammons,,,
2135,Tony,Mitchell,,,
2136,James,Blackmon Jr.,,,
2137,Isaac,Hamilton,,,
2138,Damjan,Rudez,,,
2139,Perry,Jones III,,,
2140,Cliff,Alexander,,,
2141,Rade,Zagorac,,,
2142,Durand,Scott,,,
2143,Maalik,Wayns,,,
2144,Brandon,Ashley,,,
2145,Terry,Henderson,,,
2146,T.J.,Williams,,,
2147,Luke,Petrasek,,,
2148,Davion,Berry,,,
2149,Diamond,Stone,,,
2150,Jaylen,Johnson,,,
2151,Bronson,Koenig,,,
2152,Archie,Goodwin,,,
2153,George,de Paula,,,
2154,Akil,Mitchell,,,
2155,Jeremy,Senglin,,,
2156,Daniel,Dixon,,,
2157,L.J.,Peak,,,
2158,Jonathan,Holmes,,,
2159,Landry,Nnoko,,,
2160,Derek,Willis,,,
2161,Edy,Tavares,,,
2162,Semaj,Christon,,,
2163,Rashawn,Thomas,,,
2164,Torian,Graham,,,
2165,Eric,Griffin,,,
2166,DeQuan,Jones,,,
2167,Melo,Trimble,,,
2168,Daniel,Ochefu,,,
2169,LaDontae,Henton,,,
2170,V.J.,Beachem,,,
2171,Stephen,Zimmerman,,,
2172,Kendall,Marshall,,,
2173,Peter,Jok,,,
2174,Taylor,Braun,,,
2175,Jordan,Mathews,,,
2176,Kyle,Wiltjer,,,
2177,Kennedy,Meeks,,,
2178,Paige,Marcus,,,
2179,Jeremy,Morgan,,,
2180,Matt,Matt,,,
2181,Devin,Williams,,,
2182,Alex,Hamilton,,,
2183,Rakeem,Christmas,,,
2184,Patricio,Garino,,,
2185,Ryan,Kelly,,,
2186,Andrew,Nicholson,,,
2187,Shawn,Long,,,
2188,Maurice,Ndour,,,
2189,Brian,Roberts,,,
2190,Ben,Bentil,,,
2191,Lamar,Patterson,,,
2192,Mike,Tobey,,,
2193,Ray,McCallum,,,
2194,Marcelo,Huertas,,,
2195,Jared,Sullinger,,,
2196,Pierre,Jackson,,,
2197,Arinze,Onuaku,,,
2198,Nicolas,Laprovittola,,,
2199,Festus,Ezeli,,,
2200,Grant,Jerrett,,,
2201,Keith,Hornsby,,,
2202,Robbie,Hummel,,,
2203,Pablo,Prigioni,,,
2204,PJ,Hairston,,,
2205,Livio,Jean-Charles,,,
2206,Rasheed,Sulaimon,,,
2207,Perry,Ellis,,,
2208,Toure',Murry,,,
2209,Cat,Barber,,,
2210,Vashil,Fernandez,,,
2211,Drew,Crawford,,,
2212,Brady,Heslip,,,
2213,Yanick,Moreira,,,
2214,E.J.,Singler,,,
2215,Casper,Ware,,,
2216,Thomas,Walkup,,,
2217,Shawn,Dawson,,,
2218,Quincy,Ford,,,
2219,Robert,Sacre,,,
2220,JP,Tokoto,,,
2221,Jaleel,Cousins,,,
2222,Cleanthony,Early,,,
2223,Damien,Inglis,,,
2224,Henry,Sims,,,
2225,Cameron,Jones,,,
2226,Phil,Pressey,,,
2227,Orlando,Johnson,,,
2228,JJ,O'Brien,,,
2229,Jaleel,Roberts,,,
2230,Trey,Freeman,,,
2231,Cory,Jefferson,,,
2232,Mitch,McGary,,,
2233,Kaleb,Tarczewski,,,
2234,Jorge,Gutierrez,,,
2235,Beau,Beech,,,
2236,Egidijus,Mockevicius,,,
2237,Andrew,Andrews,,,
2238,Branden,Dawson,,,
2239,Kevin,Murphy,,,
2240,Stefan,Jankovic,,,
2241,Jordan,Adams,,,
2242,D'Vauntes,Smith-Rivera,,,
2243,J.J.,Avila,,,
2244,Nikola,Jovanovic,,,
2245,Nick,Zeisloft,,,
2246,Zach,Auguste,,,
2247,Julian,Jacobs,,,
2248,Gracin,Bakumanya,,,
2249,Derek,Cooke Jr.,,,
2250,Elgin,Cook,,,
2251,Scott,Wood,,,
2252,Tony,Wroten,,,
2253,Chris,Copeland,,,
2254,Duje,Dukan,,,
2255,Tibor,Pleiss,,,
2256,Bryce,Cotton,,,
2257,Shayne,Whittington,,,
2258,Sasha,Kaun,,,
2259,Sergey,Karasev,,,
2260,Cameron,Bairstow,,,
2261,Jared,Cunningham,,,
2262,Alex,Stepheson,,,
2263,Coty,Clarke,,,
2264,Bryce,Dejean-Jones,,,
2265,Erick,Green,,,
2266,Keith,Appling,,,
2267,Kostas,Papanikolaou,,,
2268,Russ,Smith,,,
2269,Joshua,Smith,,,
2270,Arsalan,Kazemi,,,
2271,Denzel,Livingston,,,
2272,Chris,Walker,,,
2273,Kleon,Penn,,,
2274,Nick,Wiggins,,,
2275,Bo,McCalebb,,,
2276,Lazeric,Jones,,,
2277,Sampson,Carter,,,
2278,Nnanna,Egwu,,,
2279,Jaron,Johnson,,,
2280,Michale,Kyser,,,
2281,Ronald,Roberts Jr.,,,
2282,Shannon,Scott,,,
2283,Furkan,Aldemir,,,
2284,Scottie,Wilbekin,,,
2285,Corey,Walden,,,
2286,Jason,Washburn,,,
2287,Sam,Thompson,,,
2288,CJ,Fair,,,
2289,Kadeem,Jack,,,
2290,Wesley,Saunders,,,
2291,Darion,Atkins,,,
2292,Travis,Trice II,,,
2293,Devin,Sweetney,,,
2294,Chris,Babb,,,
2295,Chris,Udofia,,,
2296,Jabari,Brown,,,
2297,Terran,Petteway,,,
2298,Jordan,Bachynski,,,
2299,Adonis,Thomas,,,
2300,Melvin,Ejim,,,
2301,Marcus,Simmons,,,
2302,Keifer,Sykes,,,
2303,Deshaun,Thomas,,,
2304,Talib,Zanna,,,
2305,Michael,Qualls,,,
2306,Dez,Wells,,,
2307,Robert,Upshaw,,,
2308,Will,Cummings,,,
2309,Nick,Minnerath,,,
2310,Ryan,Boatright,,,
2311,Chris,Daniels,,,
2312,Quincy,Miller,,,
2313,Youssou,Ndoye,,,
2314,Corey,Hawkins,,,
2315,Juwan,Staten,,,
2316,Kyle,Casey,,,
2317,Marshall,Henderson,,,
2318,Corey,Webster,,,
2319,Jake,Anderson,,,
2320,Stefhon,Hannah,,,
2321,Edgar,Sosa,,,
2322,Charlie,Westbrook,,,
2323,Jon,Horford,,,
2324,Michael,Holyfield,,,
2325,Pero,Antic,,,
2326,Nick,Calathes,,,
2327,Joel,Freeland,,,
2328,Bernard,James,,,
2329,Gigi,Datome,,,
2330,Jamaal,Franklin,,,
2331,Zoran,Dragic,,,
2332,Ricky,Ledo,,,
2333,Jeffery,Taylor,,,
2334,Sim,Bhullar,,,
2335,David,Wear,,,
2336,Alexey,Shved,,,
2337,Jerrelle,Benimon,,,
2338,Victor,Claver,,,
2339,Andre,Dawkins,,,
2340,Ognjen,Kuzmic,,,
2341,Miroslav,Raduljica,,,
2342,Alex,Kirk,,,
2343,Brandon,Davies,,,
2344,Patrick,Christopher,,,
2345,Gal,Mekel,,,
2346,Drew,Gordon,,,
2347,Patric,Young,,,
2348,Nemanja,Nedovic,,,
2349,Brock,Motum,,,
2350,Diante,Garrett,,,
2351,Aaron,Craft,,,
2352,Mitchell,Watt,,,
2353,Roscoe,Smith,,,
2354,Geron,Johnson,,,
2355,Doron,Lamb,,,
2356,Justin,Cobbs,,,
2357,Dallas,Lauderdale,,,
2358,Brian,Qvale,,,
2359,Arnett,Moultrie,,,
2360,Kevin,Jones,,,
2361,Micheal,Eric,,,
2362,Vitor,Faverani,,,
2363,Erik,Murphy,,,
2364,Christian,Watford,,,
2365,Orlando,Sanchez,,,
2366,Michael,Jenkins,,,
2367,Shawn,Jones,,,
2368,Yuki,Togashi,,,
2369,Josh,Bostic,,,
2370,Stephen,Holt,,,
2371,Kadeem,Batts,,,
2372,Peyton,Siva,,,
2373,Ben,Hansbrough,,,
2374,Joe,Jackson,,,
2375,Casey,Prather,,,
2376,James,Southerland,,,
2377,Kim,English,,,
2378,Luke,Hancock,,,
2379,Dee,Bost,,,
2380,Jarvis,Varnado,,,
2381,Nando,De Colo,,,
2382,Tornike,Shengelia,,,
2383,Royce,White,,,
2384,Viacheslav,Kravtsov,,,
2385,Tyshawn,Taylor,,,
2386,Chris,Smith,,,
2387,Elias,Harris,,,
2388,Kris,Joseph,,,
2389,Romero,Osby,,,
2390,Kenny,Kadji,,,
2391,CJ,Leslie,,,
2392,Khalif,Wyatt,,,
2393,Rodney,Williams,,,
2394,Carlos,Morais,,,
2395,Damen,Bell-Holter,,,
2396,Kammron,Taylor,,,
2397,Daniel,Nwaelele,,,
2398,Michael,Lee,,,
2399,Fab,Melo,,,
2400,Mickey,McConnell,,,
2401,Mac,Koshwal,,,
2402,Courtney,Fells,,,
2403,Trent,Lockett,,,
2404,Olek,Czyz,,,
2405,Kyle,Fogg,,,
2406,Myck,Kabongo,,,
2407,DeShawn,Sims,,,
2408,Richard,Howell,,,
2409,David,Lighty,,,
2410,Mustapha,Farrakhan,,,
2411,Tim,Ohlbrecht,,,
2412,Josh,Akognon,,,
2413,Steven,Gray,,,
2414,Hank,Thorns,,,
2415,John,Shurna,,,
2416,Ryan,Allen,,,
2417,Carlon,Brown,,,
2418,Lance,Goulbourne,,,
2419,Demonte,Harper,,,
2420,Micah,Downs,,,
2421,Devin,Searcy,,,
2422,Oscar,Bellfield,,,
2423,Robert,Dozier,,,
2424,Michael,Dunigan,,,
2425,Carleton,Scott,,,
2426,Reeves,Nelson,,,
2427,Ronnie,Aguilar,,,
2428,Wesley,Witherspoon,,,
2429,Greg,Somogyi,,,
2430,Brian,Butch,,,
2431,Tyler,Wilkerson,,,
2432,Kevin,Anderson,,,
