,player_id,Name,Team,Pos,Age,Draft
0,1,Nikola Jokic,DEN,PF-C,25.8,2014 41
1,2,Damian Lillard,POR,PG,31.0,2012 6
2,3,Stephen Curry,GSW,PG-SG,33.3,2009 7
3,4,Chris Paul,PHX,PG,36.2,2005 4
4,5,Trae Young,ATL,PG,22.8,2018 5
5,6,Khris Middleton,MIL,SF-PF,29.9,2012 39
6,7,Joel Embiid,PHI,PF-C,27.3,2014 3
7,8,Giannis Antetokounmpo,MIL,PF-C,26.6,2013 15
8,9,Kawhi Leonard,LAC,SG-SF,30.0,2011 15
9,10,Rudy Gobert,UTA,C,29.0,2013 27
10,11,Paul George,LAC,SF-PF,31.2,2010 10
11,12,Jayson Tatum,BOS,SF-PF,23.3,2017 3
12,13,Kyrie Irving,BKN,PG-SG,29.3,2011 1
13,14,Luka Doncic,DAL,PG-SG,22.3,2018 3
14,15,Devin Booker,PHX,SG-SF,24.7,2015 13
15,16,Bradley Beal,WAS,SG-SF,28.0,2012 3
16,17,Nikola Vucevic,CHI,C,30.7,2011 16
17,18,Deandre Ayton,PHX,C,22.9,2018 1
18,19,Julius Randle,NYK,PF-C,26.6,2014 7
19,20,Jrue Holiday,MIL,PG-SG,31.1,2009 17
20,21,James Harden,BKN,PG-SG,31.9,2009 3
21,22,Bam Adebayo,MIA,PF-C,24.0,2017 14
22,23,Tobias Harris,PHI,SF-PF,29.0,2011 19
23,24,Mikal Bridges,PHX,SG-SF,24.8,2018 10
24,25,Clint Capela,ATL,C,27.1,2014 25
25,26,Domantas Sabonis,IND,PF-C,25.2,2016 11
26,27,John Collins,ATL,PF-C,23.8,2017 19
27,28,Russell Westbrook,WAS,PG,32.6,2008 4
28,29,Kevin Durant,BKN,SF-PF,32.8,2007 2
29,30,Brook Lopez,MIL,C,33.3,2008 10
30,31,Zach LaVine,CHI,SG-SF,26.3,2014 13
31,32,Michael Porter Jr.,DEN,SF-PF,23.0,2019 14
32,33,Jimmy Butler,MIA,SF-PF,31.8,2011 30
33,34,Jonas Valanciunas,MEM,C,29.2,2011 5
34,35,Terry Rozier,CHA,PG-SG,27.3,2015 16
35,36,Donovan Mitchell,UTA,PG-SG,24.8,2017 13
36,37,Karl-Anthony Towns,MIN,C,25.6,2015 1
37,38,Draymond Green,GSW,PF-C,31.3,2012 35
38,39,Robert Covington,POR,PF-C,30.6,2013 20
39,40,Norman Powell,POR,SG-SF,28.1,2015 46
40,41,Kyle Anderson,MEM,SF-PF,27.8,2014 30
41,42,Brandon Ingram,NOP,SF-PF,23.8,2016 2
42,43,Kelly Olynyk,HOU,PF-C,30.2,2013 13
43,44,T.J. McConnell,IND,PG-SG,29.3,2015 20
44,45,DeMar DeRozan,SAS,SG-SF-PF,31.9,2009 9
45,46,Jaylen Brown,BOS,SG-SF,24.7,2016 3
46,47,Richaun Holmes,SAC,PF-C,27.7,2015 37
47,48,Zion Williamson,NOP,PF,21.0,2019 1
48,49,Andrew Wiggins,GSW,SG-SF,26.4,2014 1
49,50,Nicolas Batum,LAC,SF-PF,32.6,2008 25
50,51,Buddy Hield,SAC,SG-SF,28.5,2016 6
51,52,LeBron James,LAL,PG-SG-SF,36.5,2003 1
52,53,Jordan Clarkson,UTA,PG-SG,29.1,2014 46
53,54,Kevin Huerter,ATL,SG-SF,22.9,2018 19
54,55,Dejounte Murray,SAS,PG-SG,24.8,2016 29
55,56,Bojan Bogdanovic,UTA,SF-PF,32.2,2011 31
56,57,Joe Ingles,UTA,SG-SF,33.8,2009 20
57,58,Fred VanVleet,TOR,PG-SG,27.4,2016 20
58,59,Danny Green,PHI,SG-SF,34.0,2009 46
59,60,Nerlens Noel,NYK,PF-C,27.2,2013 6
60,61,De'Aaron Fox,SAC,PG,23.5,2017 5
61,62,Enes Kanter,POR,C,29.1,2011 3
62,63,Malcolm Brogdon,IND,PG-SG,28.6,2016 36
63,64,Pascal Siakam,TOR,PF-C,27.4,2016 27
64,65,Royce O'Neale,UTA,SF-PF,28.1,2015 20
65,66,Chris Boucher,TOR,PF-C,28.5,2017 20
66,67,Joe Harris,BKN,SG-SF,29.8,2014 33
67,68,Ben Simmons,PHI,PG,25.0,2016 1
68,69,Miles Bridges,CHA,SF-PF,23.3,2018 12
69,70,Ivica Zubac,LAC,C,24.3,2016 32
70,71,PJ Washington,CHA,SF-PF-C,22.9,2019 12
71,72,Myles Turner,IND,PF-C,25.3,2015 11
72,73,Anthony Edwards,MIN,SG-SF,19.9,2020 1
73,74,Jakob Poeltl,SAS,C,25.7,2016 9
74,75,Mike Conley,UTA,PG,33.7,2007 4
75,76,Thaddeus Young,CHI,PF-C,33.0,2007 12
76,77,Lonzo Ball,NOP,PG-SG,23.7,2017 2
77,78,Collin Sexton,CLE,PG-SG,22.5,2018 8
78,79,Jarrett Allen,CLE,C,23.2,2017 22
79,80,Reggie Jackson,LAC,PG-SG,31.2,2011 24
80,81,Bogdan Bogdanovic,ATL,SG-SF-PF,28.9,2014 27
81,82,Dennis Schroder,LAL,PG,27.8,2013 17
82,83,Dillon Brooks,MEM,SG-SF,25.4,2017 45
83,84,Ja Morant,MEM,PG,21.9,2019 2
84,85,C.J. McCollum,POR,PG-SG,29.8,2013 10
85,86,Bobby Portis,MIL,PF-C,26.4,2015 22
86,87,Tyrese Haliburton,SAC,PG-SG,21.3,2020 12
87,88,Jamal Murray,DEN,PG-SG,24.4,2016 7
88,89,Delon Wright,SAC,PG-SG-SF,29.2,2015 20
89,90,Kristaps Porzingis,DAL,PF-C,25.9,2015 4
90,91,R.J. Barrett,NYK,SG-SF,21.1,2019 3
91,92,Duncan Robinson,MIA,SG-SF,27.2,2018 20
92,93,Jae'Sean Tate,HOU,SG-SF-PF,25.7,2020
93,94,Jerami Grant,DET,SF-PF,27.3,2014 39
94,95,Harrison Barnes,SAC,SF-PF,29.1,2012 7
95,96,Coby White,CHI,PG-SG,21.4,2019 7
96,97,Robert Williams,BOS,C,23.7,2018 27
97,98,Jae Crowder,PHX,SF-PF,31.0,2012 34
98,99,Ricky Rubio,MIN,PG,30.7,2009 5
99,100,Seth Curry,PHI,PG-SG,30.9,2013 20
100,101,Justin Holiday,IND,SG-SF,32.2,2011 20
101,102,Montrezl Harrell,LAL,PF-C,27.4,2015 32
102,103,LaMelo Ball,CHA,PG-SG,19.9,2020 3
103,104,Kyle Lowry,TOR,PG,35.3,2006 24
104,105,Tim Hardaway Jr.,DAL,SG-SF,29.3,2013 24
105,106,Marcus Morris,LAC,PF-C,31.8,2011 14
106,107,Carmelo Anthony,POR,SF-PF,37.1,2003 3
107,108,Matisse Thybulle,PHI,SG-SF,24.3,2019 20
108,109,Darius Garland,CLE,PG,21.4,2019 5
109,110,Caris LeVert,IND,SG-SF,26.9,2016 20
110,111,Donte DiVincenzo,MIL,PG-SG,24.4,2018 17
111,112,Dorian Finney-Smith,DAL,SF-PF,28.2,2016 20
112,113,Mason Plumlee,DET,PF-C,31.3,2013 22
113,114,Isaiah Stewart,DET,PF-C,20.1,2020 16
114,115,Bruce Brown,BKN,SG,24.9,2018 42
115,116,Anthony Davis,LAL,PF-C,28.3,2012 1
116,117,Marcus Smart,BOS,PG-SG,27.3,2014 6
117,118,Kendrick Nunn,MIA,PG-SG,25.9,2018 20
118,119,Danilo Gallinari,ATL,SF-PF,32.9,2008 6
119,120,Facundo Campazzo,DEN,PG,30.3,2020
120,121,Kyle Kuzma,LAL,SF-PF,25.9,2017 27
121,122,Gordon Hayward,CHA,SG-SF,31.3,2010 9
122,123,Kentavious Caldwell-Pope,LAL,PG-SG,28.4,2013 8
123,124,Cameron Payne,PHX,PG-SG,26.9,2015 14
124,125,Kemba Walker,BOS,PG,31.2,2011 9
125,126,Naz Reid,MIN,C,21.9,2019 20
126,127,Pat Connaughton,MIL,SG-SF,28.5,2015 41
127,128,Jalen Brunson,DAL,PG-SG,24.8,2018 33
128,129,O.G. Anunoby,TOR,SF-PF,24.0,2017 23
129,130,Reggie Bullock,NYK,SG-SF,30.3,2013 25
130,131,Saddiq Bey,DET,SF,22.2,2020 19
131,132,Jeff Green,BKN,SF-PF-C,34.9,2007 5
132,133,Josh Richardson,DAL,SG-SF,27.8,2015 40
133,134,Daniel Theis,CHI,PF-C,29.2,2013 20
134,135,Patrick Williams,CHI,SF-PF,19.9,2020 4
135,136,Derrick Rose,NYK,PG-SG,32.7,2008 1
136,137,Derrick Favors,UTA,PF-C,30.0,2010 3
137,138,Andre Drummond,LAL,C,27.9,2012 9
138,139,Lou Williams,ATL,PG-SG,34.7,2005 45
139,140,Brandon Clarke,MEM,SF-PF,24.8,2019 21
140,141,Devonte' Graham,CHA,PG-SG,26.4,2018 34
141,142,Evan Fournier,BOS,SG-SF,28.7,2012 20
142,143,Keldon Johnson,SAS,SF-PF,21.6,2019 29
143,144,Desmond Bane,MEM,PG-SG,23.0,2020 30
144,145,Daniel Gafford,WAS,C,22.8,2019 38
145,146,Cameron Johnson,PHX,SF-PF,25.3,2019 11
146,147,Doug McDermott,IND,SF-PF,29.5,2014 11
147,148,Will Barton,DEN,SG-SF,30.5,2012 40
148,149,Shai Gilgeous-Alexander,OKC,PG-SG-SF,23.0,2018 11
149,150,Rudy Gay,SAS,SF-PF,34.9,2006 8
150,151,Tyler Herro,MIA,PG-SG-SF,21.5,2019 13
151,152,Raul Neto,WAS,PG,29.1,2013 47
152,153,Eric Bledsoe,NOP,PG-SG,31.6,2010 18
153,154,Christian Wood,HOU,PF-C,25.8,2015 20
154,155,Kelly Oubre Jr.,GSW,SG-SF-PF,25.6,2015 15
155,156,Rui Hachimura,WAS,SF-PF,23.4,2019 9
156,157,Shake Milton,PHI,PG-SG,24.8,2018 54
157,158,Kent Bazemore,GSW,SG-SF,32.0,2012 20
158,159,De'Anthony Melton,MEM,PG-SG,23.1,2018 46
159,160,Paul Millsap,DEN,PF-C,36.4,2006 47
160,161,Isaiah Roby,OKC,PF-C,23.4,2019 45
161,162,Wendell Carter Jr.,ORL,C,22.2,2018 7
162,163,Terance Mann,LAC,SF,24.7,2019 48
163,164,D'Angelo Russell,MIN,PG-SG,25.4,2015 2
164,165,Josh Jackson,DET,SG-SF,24.4,2017 4
165,166,Robin Lopez,WAS,C,33.3,2008 15
166,167,Khem Birch,TOR,PF-C,28.8,2014 20
167,168,Cory Joseph,DET,PG,29.9,2011 29
168,169,DeAndre Jordan,BKN,C,33.0,2008 35
169,170,Kenrich Williams,OKC,SF-PF,26.6,2018 20
170,171,Talen Horton-Tucker,LAL,SG-SF,20.6,2019 46
171,172,Dwight Howard,PHI,C,35.6,2004 1
172,173,Patty Mills,SAS,PG,32.9,2009 55
173,174,Davis Bertans,WAS,PF-C,28.6,2011 42
174,175,Goran Dragic,MIA,PG-SG,35.2,2008 45
175,176,Blake Griffin,BKN,PF-C,32.3,2009 1
176,177,Jusuf Nurkic,POR,C,26.9,2014 16
177,178,Jarred Vanderbilt,MIN,SF-PF-C,22.3,2018 41
178,179,Aaron Gordon,DEN,SF-PF,25.8,2014 4
179,180,Tomas Satoransky,CHI,PG-SG,29.7,2012 32
180,181,Gary Trent Jr.,TOR,SG-SF,22.5,2018 37
181,182,Tyus Jones,MEM,PG,25.2,2015 24
182,183,Lauri Markkanen,CHI,PF-C,24.1,2017 7
183,184,Grayson Allen,MEM,SG-SF,25.7,2018 21
184,185,Alec Burks,NYK,SG-SF,30.0,2011 12
185,186,Terrence Ross,ORL,SG-SF,30.4,2012 8
186,187,Marc Gasol,LAL,C,36.4,2007 48
187,188,Juan Toscano-Anderson,GSW,SF-PF,28.3,2019 20
188,189,Andre Iguodala,MIA,SG-SF,37.4,2004 9
189,190,Steven Adams,NOP,C,27.9,2013 12
190,191,John Wall,HOU,PG,30.8,2010 1
191,192,Monte Morris,DEN,PG-SG,26.0,2017 51
192,193,JaMychal Green,DEN,PF-C,31.0,2013 20
193,194,Jaden McDaniels,MIN,PF,20.8,2020 28
194,195,Immanuel Quickley,NYK,PG,22.0,2020 25
195,196,Bryn Forbes,MIL,PG-SG,27.9,2016 20
196,197,Maxi Kleber,DAL,PF-C,29.4,2014 20
197,198,Taj Gibson,NYK,PF-C,36.0,2009 26
198,199,Alex Caruso,LAL,PG-SG,27.3,2016 20
199,200,Xavier Tillman,MEM,PF-C,22.5,2020 35
200,201,Isaac Okoro,CLE,SG-SF,20.4,2020 5
201,202,Theo Maledon,OKC,PG,20.1,2020 34
202,203,Serge Ibaka,LAC,PF-C,31.8,2008 24
203,204,Josh Hart,NOP,SG-SF,26.3,2017 30
204,205,Luke Kennard,LAC,SG-SF,25.0,2017 12
205,206,Payton Pritchard,BOS,PG,23.4,2020 26
206,207,Malik Beasley,MIN,PG-SG,24.6,2016 19
207,208,Landry Shamet,BKN,PG-SG,24.3,2018 26
208,209,Alex Len,WAS,PF-C,28.1,2013 5
209,210,Jaxson Hayes,NOP,C,21.1,2019 8
210,211,Patrick Beverley,LAC,PG-SG,33.0,2009 42
211,212,Dwight Powell,DAL,PF-C,30.0,2014 45
212,213,Cedi Osman,CLE,SF-PF,26.2,2015 31
213,214,Svi Mykhailiuk,OKC,SF,24.1,2018 47
214,215,Derrick White,SAS,PG-SG,27.0,2017 29
215,216,Terence Davis,SAC,SG-SF,24.1,2019 20
216,217,Larry Nance Jr.,CLE,PF-C,28.5,2015 27
217,218,Tristan Thompson,BOS,PF-C,30.3,2011 4
218,219,Cole Anthony,ORL,PG,21.1,2020 15
219,220,Jordan Poole,GSW,PG-SG,22.0,2019 28
220,221,Garrett Temple,CHI,PG-SG,35.2,2009 20
221,222,Furkan Korkmaz,PHI,SG-SF,23.9,2016 26
222,223,Derrick Jones,POR,SG-SF,24.4,2016 20
223,224,Sterling Brown,HOU,SG-SF,26.4,2017 46
224,225,Cody Zeller,CHA,C,28.7,2013 4
225,226,Kenyon Martin Jr.,HOU,SF,20.5,2020 52
226,227,Georges Niang,UTA,SF-PF,28.0,2016 50
227,228,P.J. Tucker,MIL,PF-C,36.2,2006 35
228,229,Victor Oladipo,MIA,SG-SF,29.3,2013 2
229,230,Lonnie Walker,SAS,SG-SF,22.6,2018 18
230,231,Darius Bazley,OKC,SF-PF,21.1,2019 23
231,232,Torrey Craig,PHX,SG-SF,30.5,2014 20
232,233,Luguentz Dort,OKC,SG-SF,22.2,2019 20
233,234,Nickeil Alexander-Walker,NOP,SG-SF,22.8,2019 17
234,235,Damion Lee,GSW,SG-SF,28.7,2016 20
235,236,DeMarcus Cousins,LAC,PF-C,30.9,2010 5
236,237,Rajon Rondo,LAC,PG,35.4,2006 21
237,238,Dwayne Bacon,ORL,SG,25.8,2017 40
238,239,Dario Saric,PHX,PF-C,27.2,2014 12
239,240,Dean Wade,CLE,PG-PF-C,24.6,2019 20
240,241,Anfernee Simons,POR,PG-SG,22.1,2018 24
241,242,Bismack Biyombo,CHA,C,28.8,2011 7
242,243,Chuma Okeke,ORL,PF,22.9,2020 16
243,244,Elfrid Payton,NYK,PG,27.4,2014 10
244,245,Mo Bamba,ORL,C,23.1,2018 6
245,246,Moses Brown,OKC,C,21.7,2019 20
246,247,Jeremy Lamb,IND,SG-SF,29.1,2012 12
247,248,Tyrese Maxey,PHI,PG-SG,20.7,2020 21
248,249,Kevon Looney,GSW,PF-C,25.4,2015 30
249,250,Willie Cauley-Stein,DAL,PF-C,27.9,2015 6
250,251,Al Horford,OKC,PF-C,35.1,2007 3
251,252,D.J. Augustin,HOU,PG,33.6,2008 9
252,253,Mitchell Robinson,NYK,C,23.3,2018 36
253,254,James Johnson,NOP,PF-C,34.4,2009 16
254,255,JaVale McGee,DEN,C,33.5,2008 18
255,256,Aaron Holiday,IND,PG,24.8,2018 23
256,257,DeAndre' Bembry,TOR,SF-PF,27.0,2016 21
257,258,Drew Eubanks,SAS,PF-C,24.4,2018 20
258,259,Josh Okogie,MIN,SG-SF,22.8,2018 20
259,260,Stanley Johnson,TOR,SG-SF-PF,25.1,2015 8
260,261,Ish Smith,WAS,PG,33.0,2010 20
261,262,Hamidou Diallo,DET,SG-SF,22.9,2018 45
262,263,Solomon Hill,ATL,SG-SF,30.3,2013 23
263,264,Jeff Teague,MIL,PG-SG,33.1,2009 19
264,265,Devin Vassell,SAS,SG,20.9,2020 11
265,266,Jordan McLaughlin,MIN,PG,25.2,2018 20
266,267,Onyeka Okongwu,ATL,PF-C,20.6,2020 6
267,268,Willy Hernangomez,NOP,C,27.1,2015 35
268,269,Brad Wanamaker,CHA,PG-SG,32.0,2011 20
269,270,Taurean Prince,CLE,SF-PF,26.9,2016 12
270,271,Tony Bradley,OKC,C,23.5,2017 28
271,272,Edmond Sumner,IND,PG-SG,25.5,2017 52
272,273,Markieff Morris,LAL,PF-C,31.8,2011 13
273,274,Grant Williams,BOS,SF-PF,22.6,2019 22
274,275,Marvin Bagley III,SAC,PF-C,22.3,2018 2
275,276,Wayne Ellington,DET,SG-SF,33.6,2009 28
276,277,James Ennis,ORL,SG-SF,31.0,2013 50
277,278,Deni Avdija,WAS,SG-SF,20.5,2020 9
278,279,Denzel Valentine,CHI,SG-SF,27.6,2016 14
279,280,Nicolas Claxton,BKN,C,22.2,2019 31
280,281,Gorgui Dieng,SAS,PF-C,31.5,2013 21
281,282,Malik Monk,CHA,PG-SG,23.4,2017 11
282,283,Aleksej Pokusevski,OKC,SF,19.5,2020 17
283,284,Trevor Ariza,MIA,SG-SF,36.0,2004 43
284,285,Goga Bitadze,IND,C,22.0,2019 18
285,286,Jalen McDaniels,CHA,PF-C,23.4,2019 52
286,287,P.J. Dozier,DEN,PG-SG,24.7,2017 20
287,288,Austin Rivers,DEN,PG-SG,28.9,2012 10
288,289,Trey Burke,DAL,PG,28.6,2013 9
289,290,Malachi Flynn,TOR,PG,23.2,2020 29
290,291,Wesley Matthews,LAL,SG-SF,34.7,2009 20
291,292,De'Andre Hunter,ATL,SF-PF,23.6,2019 4
292,293,Moritz Wagner,ORL,PF-C,24.2,2018 25
293,294,Garrison Mathews,WAS,SG-SF,24.7,2019 20
294,295,James Wiseman,GSW,C,20.3,2020 2
295,296,Aron Baynes,TOR,C,34.6,2009 20
296,297,Ty Jerome,OKC,PG-SG,24.0,2019 24
297,298,George Hill,PHI,PG-SG,35.2,2008 26
298,299,LaMarcus Aldridge,FA,PF-C,36.0,2006 2
299,300,Isaiah Hartenstein,CLE,PF,23.2,2017 43
300,301,Kira Lewis,NOP,PG,20.2,2020 13
301,302,Eric Gordon,HOU,SG-SF,32.5,2008 7
302,303,Yuta Watanabe,TOR,SF-PF,26.7,2018 20
303,304,Tony Snell,ATL,SG-SF,29.7,2013 20
304,305,Kevin Porter,HOU,SG-SF,21.2,2019 30
305,306,Timothe Luwawu-Cabarrot,BKN,SG-SF,26.2,2016 24
306,307,Saben Lee,DET,PG,22.0,2020 38
307,308,Cam Reddish,ATL,SG-SF-PF,21.8,2019 10
308,309,Frank Kaminsky,PHX,C,28.2,2015 9
309,310,Oshae Brissett,IND,SF-PF,23.0,2019 20
310,311,Gary Harris,ORL,SG-SF,26.8,2014 19
311,312,Jaylen Nowell,MIN,SG,22.0,2019 43
312,313,Obi Toppin,NYK,SF-PF,23.3,2020 8
313,314,John Konchar,MEM,SG,25.3,2019 20
314,315,Cody Martin,CHA,SG-SF,25.8,2019 36
315,316,Mike Muscala,OKC,PF-C,30.0,2013 44
316,317,Jevon Carter,PHX,PG,25.8,2018 32
317,318,David Nwaba,HOU,SG-SF,28.5,2016 20
318,319,Kevin Love,CLE,PF-C,32.8,2008 5
319,320,Hassan Whiteside,SAC,PF-C,32.1,2010 33
320,321,Ben McLemore,LAL,SG-SF,28.4,2013 7
321,322,Jaren Jackson Jr.,MEM,PF-C,21.8,2018 4
322,323,Moe Harkless,SAC,SF-PF,28.1,2012 15
323,324,R.J. Hampton,ORL,PG,20.4,2020 24
324,325,Mychal Mulder,GSW,PG,27.1,2019 20
325,326,Jake Layman,MIN,SF-PF,27.3,2016 47
326,327,Danuel House,HOU,SF-PF,28.1,2016 20
327,328,Caleb Martin,CHA,SG-SF,25.8,2019 20
328,329,Frank Jackson,DET,PG,23.2,2017 31
329,330,Damian Jones,SAC,C,26.0,2016 30
330,331,Otto Porter,ORL,SF-PF,28.1,2013 3
331,332,Naji Marshall,NOP,SF,23.4,2020 20
332,333,Mike Scott,PHI,SF-PF,33.0,2012 43
333,334,Aaron Nesmith,BOS,SG-SF,21.7,2020 14
334,335,J.J. Redick,DAL,SG,37.0,2006 11
335,336,Killian Hayes,DET,PG-SG,19.9,2020 7
336,337,Nemanja Bjelica,MIA,PF,33.2,2010 35
337,338,Juan Hernangomez,MIN,PF-C,25.8,2016 15
338,339,Chasson Randle,ORL,PG,28.4,2015 20
339,340,Chimezie Metu,SAC,PF,24.3,2018 49
340,341,Eric Paschall,GSW,SF-PF-C,24.7,2019 41
341,342,Michael Carter-Williams,ORL,PG-SG,29.7,2013 11
342,343,Semi Ojeleye,BOS,SF-PF,26.6,2017 37
343,344,Precious Achiuwa,MIA,SF-PF,21.8,2020 20
344,345,Dylan Windler,CLE,SF,24.8,2020 26
345,346,Damyean Dotson,CLE,SG,27.2,2017 44
346,347,Rodney Hood,TOR,SG-SF,28.7,2014 23
347,348,Dennis Smith Jr.,DET,PG,23.6,2017 9
348,349,Gabe Vincent,MIA,PG,25.1,2018 20
349,350,Nassir Little,POR,SF,21.4,2019 25
350,351,Tyler Johnson,BKN,PG-SG,29.2,2013 20
351,352,Sekou Doumbouya,DET,SF-PF,20.5,2019 15
352,353,Thanasis Antetokounmpo,MIL,SF,29.0,2014 51
353,354,Justin Jackson,MIL,SF-PF,26.3,2017 15
354,355,Patrick Patterson,LAC,PF-C,32.3,2010 14
355,356,Javonte Green,CHI,PG,27.9,2015 20
356,357,D.J. Wilson,HOU,PF,25.4,2017 17
357,358,Armoni Brooks,HOU,PG,23.1,2019 20
358,359,Kelan Martin,IND,SF-PF,25.9,2018 20
359,360,Luke Kornet,BOS,C,26.0,2017 20
360,361,Freddie Gillespie,TOR,SF,24.1,2020 20
361,362,Dewayne Dedmon,MIA,C,31.9,2013 20
362,363,Avery Bradley,HOU,SG-SF,30.6,2010 19
363,364,Al-Farouq Aminu,CHI,SF-PF,30.8,2010 8
364,365,Lamar Stevens,CLE,SF,24.0,2020 20
365,366,Boban Marjanovic,DAL,C,32.9,2010 20
366,367,E'Twaun Moore,PHX,PG-SG,32.4,2011 55
367,368,Jordan Nwora,MIL,SF,22.8,2020 45
368,369,DaQuan Jeffries,SAS,PG,24.2,2019 20
369,370,Max Strus,MIA,SG,25.3,2019 20
370,371,Abdel Nader,PHX,SF-PF,27.8,2016 58
371,372,Ed Davis,MIN,PF-C,32.1,2010 13
372,373,Troy Brown Jr,CHI,SG-SF,21.9,2018 15
373,374,Brandon Goodwin,ATL,PG,25.8,2018 20
374,375,Kevin Knox,NYK,SF-PF,21.9,2018 9
375,376,Nicolo Melli,DAL,PF-C,30.4,2013 20
376,377,Alize Johnson,BKN,SF-PF,25.2,2018 50
377,378,Gary Clark,PHI,SF-PF,26.6,2018 20
378,379,Langston Galloway,PHX,PG-SG,29.6,2014 20
379,380,Miye Oni,UTA,SG,23.9,2019 58
380,381,Skylar Mays,ATL,PG-SG,23.8,2020 50
381,382,Zeke Nnaji,DEN,PF,20.5,2020 22
382,383,Harry Giles,POR,PF-C,23.2,2017 20
383,384,Nico Mannion,GSW,PG,20.3,2020 48
384,385,Tremont Waters,BOS,PG,23.5,2019 51
385,386,Thomas Bryant,WAS,C,23.9,2017 42
386,387,Chandler Hutchison,WAS,SF-PF,25.2,2018 22
387,388,Paul Reed,PHI,SF,22.1,2020 58
388,389,Jarrett Culver,MIN,PG-SG,22.4,2019 6
389,390,Shaq Harrison,DEN,PG-SG-SF,27.7,2013 20
390,391,Jahlil Okafor,DET,C,25.6,2015 3
391,392,Trent Forrest,UTA,SG,23.1,2020 20
392,393,Justin Patton,FA,C,24.1,2017 16
393,394,Ryan Arcidiacono,CHI,PG,27.3,2016 20
394,395,Darius Miller,FA,SG-SF,31.3,2012 46
395,396,Justise Winslow,MEM,PF,25.3,2015 10
396,397,Isaiah Joe,PHI,SG,22.0,2020 49
397,398,Anthony Lamb,HOU,SF,23.5,2020 20
398,399,Mfiondu Kabengele,CLE,C,23.9,2019 27
399,400,Tyler Cook,DET,PF-C,23.8,2019 20
400,401,Anthony Gill,WAS,SF,28.7,2016 20
401,402,Brodric Thomas,CLE,SG,23.2,2020 20
402,403,Isaac Bonga,WAS,SF-PF,21.7,2018 39
403,404,Wesley Iwundu,NOP,SG-SF,26.5,2017 33
404,405,Sam Merrill,MIL,SG,25.1,2020 60
405,406,Vlatko Cancar,DEN,SF-PF,24.2,2017 49
406,407,Josh Green,DAL,SG-SF,20.6,2020 18
407,408,Jaylen Hoard,OKC,SF,22.3,2019 20
408,409,Nathan Knight,ATL,PF-C,23.8,2020 20
409,410,Khyri Thomas,HOU,SG,25.2,2018 38
410,411,Paul Watson,TOR,PG-SF-PF,26.5,2017 20
411,412,Amir Coffey,LAC,SF,24.0,2019 20
412,413,JaKarr Sampson,IND,SF-PF,28.3,2014 20
413,414,Reggie Perry,BKN,PF,21.3,2020 57
414,415,KZ Okpala,MIA,SF,22.2,2019 32
415,416,Glenn Robinson III,FA,SG-SF,27.5,2014 40
416,417,Jabari Parker,BOS,SF-PF,26.3,2014 2
417,418,Mike James,BKN,PG,30.9,2012 20
418,419,Chris Chiozza,BKN,PG,25.6,2018 20
419,420,Donta Hall,ORL,SF,23.9,2019 20
420,421,Trey Lyles,SAS,PF-C,25.7,2015 12
421,422,Wenyen Gabriel,NOP,PF,24.3,2018 20
422,423,Frank Ntilikina,NYK,PG-SG,22.9,2017 8
423,424,Romeo Langford,BOS,SG,21.7,2019 14
424,425,Luka Samanic,SAS,PF,21.5,2019 19
425,426,Tre Jones,SAS,PG,21.5,2020 41
426,427,Ersan Ilyasova,UTA,SF-PF,34.1,2005 36
427,428,Jalen Harris,TOR,SG,22.9,2020 59
428,429,Carsen Edwards,BOS,PG,23.3,2019 33
429,430,Rodney McGruder,DET,SG-SF,30.0,2013 20
430,431,Keita Bates-Diop,SAS,SF-PF,25.4,2018 48
431,432,Matt Thomas,UTA,PG-SG,26.9,2017 20
432,433,Cassius Winston,,,,
433,434,Anthony Tolliver,,,,
434,435,Kris Dunn,,,,
435,436,Bruno Fernando,,,,
436,437,RJ Barrett,,,,
437,438,Jared Harper,,,,
438,439,Kevin Knox II,,,,
439,440,Norvel Pelle,,,,
440,441,Theo Pinson,,,,
441,442,Tim Frazier,,,,
442,443,Killian Tillie,,,,
443,444,Jarrell Brantley,,,,
444,445,Juwan Morgan,,,,
445,446,Robert Williams III,,,,
446,447,Jared Dudley,,,,
447,448,Alfonzo McKinnie,,,,
448,449,Ty-Shon Alexander,,,,
449,450,Jalen Smith,,,,
450,451,Tyler Bey,,,,
451,452,Nate Hinton,,,,
452,453,Marcus Morris Sr.,,,,
453,454,Yogi Ferrell,,,,
454,455,Udonis Haslem,,,,
455,456,Elijah Bryant,,,,
456,457,Mamadi Diakite,,,,
457,458,Axel Toupane,,,,
458,459,CJ McCollum,,,,
459,460,Derrick Jones Jr.,,,,
460,461,Rondae Hollis-Jefferson,,,,
461,462,Harry Giles III,,,,
462,463,T.J. Leaf,,,,
463,464,CJ Elleby,,,,
464,465,Keljin Blevins,,,,
465,466,Markus Howard,,,,
466,467,Shaquille Harrison,,,,
467,468,Bol Bol,,,,
468,469,Udoka Azubuike,,,,
469,470,Jordan Bell,,,,
470,471,Gary Payton II,,,,
471,472,Alen Smailagic,,,,
472,473,Cassius Stanley,,,,
473,474,Amida Brimah,,,,
474,475,Lonnie Walker IV,,,,
475,476,Quinndary Weatherspoon,,,,
476,477,P.J. Washington,,,,
477,478,Vernon Carey Jr.,,,,
478,479,Grant Riller,,,,
479,480,Nick Richards,,,,
480,481,Nate Darling,,,,
481,482,Tacko Fall,,,,
482,483,Jontay Porter,,,,
483,484,Cameron Oliver,,,,
484,485,Cameron Reynolds,,,,
485,486,Danuel House Jr.,,,,
486,487,Kevin Porter Jr.,,,,
487,488,Jeremiah Martin,,,,
488,489,Anderson Varejao,,,,
489,490,Ignas Brazdeikis,,,,
490,491,Sindarius Thornwell,,,,
491,492,Rayjon Tucker,,,,
492,493,Cristiano Felicio,,,,
493,494,Devon Dotson,,,,
494,495,Adam Mokoka,,,,
495,496,Juancho Hernangomez,,,,
496,497,Didi Louzada,,,,
497,498,Kira Lewis Jr.,,,,
498,499,James Nunnally,,,,
499,500,Wes Iwundu,,,,
500,501,Daniel Oturu,,,,
501,502,Jay Scrubb,,,,
502,503,Josh Hall,,,,
503,504,Charlie Brown Jr.,,,,
504,505,Gabriel Deck,,,,
505,506,Louis King,,,,
506,507,Jahmi'us Ramsey,,,,
507,508,Kyle Guy,,,,
508,509,Robert Woodard II,,,,
509,510,Maurice Harkless,,,,
510,511,Justin James,,,,
511,512,Devontae Cacok,,,,
512,513,Deividas Sirvydis,,,,
513,514,Elijah Hughes,,,,
514,515,Kostas Antetokounmpo,,,,
515,516,JJ Redick,,,,
516,517,Rodions Kurucs,,,,
517,518,James Ennis III,,,,
518,519,PJ Dozier,,,,
519,520,OG Anunoby,,,,
520,521,Sean McDermott,,,,
521,522,Robert Franks,,,,
522,523,Mason Jones,,,,
523,524,Chris Silva,,,,
524,525,Zach Collins,,,,
525,526,Matthew Dellavedova,,,,
526,527,Devin Cannady,,,,
527,528,Justin Robinson,,,,
528,529,Brian Bowen II,,,,
529,530,Troy Brown Jr.,,,,
530,531,Malik Fitts,,,,
531,532,Karim Mane,,,,
532,533,Isaiah Thomas,,,,
533,534,Patrick McCaw,,,,
534,535,Jerome Robinson,,,,
535,536,Will Magnay,,,,
536,537,Greg Whittington,,,,
537,538,Otto Porter Jr.,,,,
538,539,Quinn Cook,,,,
539,540,Markelle Fultz,,,,
540,541,Jonathan Isaac,,,,
541,542,Terrance Ferguson,,,,
542,543,Vincent Poirier,,,,
543,544,Jalen Lecque,,,,
544,545,Meyers Leonard,,,,
545,546,Tyrell Terry,,,,
546,547,Anzejs Pasecniks,,,,
547,548,Dante Exum,,,,
548,549,Thon Maker,,,,
549,550,Marques Bolden,,,,
550,551,Dakota Mathias,,,,
551,552,Jordan Bone,,,,
552,553,Bruno Caboclo,,,,
553,554,T.J. Warren,,,,
554,555,Spencer Dinwiddie,,,,
555,556,Marquese Chriss,,,,
556,557,Jaylen Adams,,,,
557,558,Henry Ellenson,,,,
558,559,Andre Roberson,,,,
559,560,Iman Shumpert,,,,
560,561,Noah Vonleh,,,,
561,562,Ray Spalding,,,,
562,563,Frank Mason,,,,
563,564,Ashton Hagans,,,,
564,565,Chris Clemons,,,,
565,566,Omari Spellman,,,,
566,567,Xavier Sneed,,,,
567,568,Javin DeLaurier,,,,
568,569,Kahlil Whitney,,,,
569,570,Keandre Cook,,,,
570,571,Jon Teske,,,,
571,572,Dzanan Musa,,,,
572,573,Ahmad Caver,,,,
573,574,Shaq Buchanan,,,,
574,575,Bennie Boatwright,,,,
575,576,Justin Anderson,,,,
576,577,Naz Mitrou-Long,,,,
577,578,Rayshaun Hammonds,,,,
578,579,BJ Johnson,,,,
579,580,Levi Randolph,,,,
580,581,Matt Mooney,,,,
581,582,Charles Matthews,,,,
582,583,Myles Powell,,,,
583,584,Bryce Brown,,,,
584,585,Michael Kidd-Gilchrist,,,,
585,586,Paul Eboua,,,,
586,587,Elie Okobo,,,,
587,588,Amile Jefferson,,,,
588,589,Nik Stauskas,,,,
589,590,Treveon Graham,,,,
590,591,Rawle Alkins,,,,
591,592,Ike Anigbogu,,,,
592,593,Tony Carr,,,,
593,594,Jarrod Uthoff,,,,
594,595,Simisola Shittu,,,,
595,596,Zach Norvell Jr.,,,,
596,597,Admiral Schofield,,,,
597,598,Johnathan Motley,,,,
598,599,Yoeli Childs,,,,
599,600,Caleb Homesley,,,,
600,601,Marlon Taylor,,,,
601,602,Tyler Zeller,,,,
602,603,Gerald Green,,,,
603,604,Ade Murkey,,,,
604,605,Courtney Lee,,,,
605,606,Kaleb Wesson,,,,
606,607,Dwayne Sutton,,,,
607,608,Klay Thompson,,,,
608,609,Vincent Edwards,,,,
609,610,Trevon Bluiett,,,,
610,611,Romaro Gill,,,,
611,612,Trevon Scott,,,,
612,613,Jake Toolson,,,,
613,614,Jerian Grant,,,,
614,615,Trevelin Queen,,,,
615,616,Kenny Wooten,,,,
616,617,Breein Tyree,,,,
617,618,E.J. Montgomery,,,,
618,619,Jahlil Tripp,,,,
619,620,Nigel Williams-Goss,,,,
620,621,LiAngelo Ball,,,,
621,622,Ky Bowman,,,,
622,623,Jordan Ford,,,,
623,624,Marko Guduric,,,,
624,625,Skal Labissiere,,,,
625,626,JR Smith,,,,
626,627,Troy Daniels,,,,
627,628,Joakim Noah,,,,
628,629,Michael Frazier,,,,
629,630,DeMarre Carroll,,,,
630,631,Luc Mbah a Moute,,,,
631,632,Malcolm Miller,,,,
632,633,Tyson Chandler,,,,
633,634,Marvin Williams,,,,
634,635,Kyle Korver,,,,
635,636,Dion Waiters,,,,
636,637,Emmanuel Mudiay,,,,
637,638,Josh Reaves,,,,
638,639,Antonius Cleveland,,,,
639,640,J.J. Barea,,,,
640,641,Melvin Frazier Jr.,,,,
641,642,Vic Law,,,,
642,643,Mario Hezonja,,,,
643,644,Kyle O'Quinn,,,,
644,645,Marial Shayok,,,,
645,646,Lance Thomas,,,,
646,647,Deonte Burton,,,,
647,648,Dewan Hernandez,,,,
648,649,Kyle Alexander,,,,
649,650,Devon Hall,,,,
650,651,Kevin Hervey,,,,
651,652,Johnathan Williams,,,,
652,653,Ian Mahinmi,,,,
653,654,Corey Brewer,,,,
654,655,Cheick Diallo,,,,
655,656,Marco Belinelli,,,,
656,657,Justin Wright-Foreman,,,,
657,658,Zylan Cheatham,,,,
658,659,Shabazz Napier,,,,
659,660,Jamal Crawford,,,,
660,661,Caleb Swanigan,,,,
661,662,Brandon Knight,,,,
662,663,Jordan McRae,,,,
663,664,Vince Carter,,,,
664,665,Joe Chealey,,,,
665,666,Sheldon Mac,,,,
666,667,Ante Zizic,,,,
667,668,Evan Turner,,,,
668,669,Thabo Sefolosha,,,,
669,670,Dragan Bender,,,,
670,671,Wilson Chandler,,,,
671,672,Sir'Dominic Pointer,,,,
672,673,John Henson,,,,
673,674,Allonzo Trier,,,,
674,675,Derrick Walton Jr.,,,,
675,676,TJ Leaf,,,,
676,677,Jacob Evans,,,,
677,678,Dusty Hannahs,,,,
678,679,Jonah Bolden,,,,
679,680,Allen Crabbe,,,,
680,681,J.P. Macura,,,,
681,682,Malik Newman,,,,
682,683,Jeremy Pargo,,,,
683,684,Tariq Owens,,,,
684,685,William Howard,,,,
685,686,Charles Brown Jr.,,,,
686,687,Ryan Broekhoff,,,,
687,688,Zhaire Smith,,,,
688,689,Kadeem Allen,,,,
689,690,Eric Mika,,,,
690,691,Josh Gray,,,,
691,692,Josh Magette,,,,
692,693,Shamorie Ponds,,,,
693,694,Chandler Parsons,,,,
694,695,Daryl Macon,,,,
695,696,Tyrone Wallace,,,,
696,697,Pau Gasol,,,,
697,698,Andrew Bynum,,,,
698,699,Kobe Bryant,,,,
699,700,Derek Fisher,,,,
700,701,Lamar Odom,,,,
701,702,Luke Walton,,,,
702,703,Jordan Farmar,,,,
703,704,Sasha Vujacic,,,,
704,705,Shannon Brown,,,,
705,706,DJ Mbenga,,,,
706,707,Josh Powell,,,,
707,708,Hedo Turkoglu,,,,
708,709,Rashard Lewis,,,,
709,710,Rafer Alston,,,,
710,711,Mickael Pietrus,,,,
711,712,Jameer Nelson,,,,
712,713,Tony Battie,,,,
713,714,Marcin Gortat,,,,
714,715,Adonal Foyle,,,,
715,716,Anthony Johnson,,,,
716,717,Zydrunas Ilgauskas,,,,
717,718,Delonte West,,,,
718,719,Mo Williams,,,,
719,720,Ben Wallace,,,,
720,721,Daniel Gibson,,,,
721,722,Wally Szczerbiak,,,,
722,723,Sasha Pavlovic,,,,
723,724,Tarence Kinsey,,,,
724,725,Darnell Jackson,,,,
725,726,Joe Smith,,,,
726,727,Tyronn Lue,,,,
727,728,Kenyon Martin,,,,
728,729,Nene,,,,
729,730,Dahntay Jones,,,,
730,731,Chauncey Billups,,,,
731,732,Chris Andersen,,,,
732,733,Anthony Carter,,,,
733,734,Linas Kleiza,,,,
734,735,Jason Hart,,,,
735,736,Johan Petro,,,,
736,737,Renaldo Balkman,,,,
737,738,Steven Hunter,,,,
738,739,Shane Battier,,,,
739,740,Luis Scola,,,,
740,741,Chuck Hayes,,,,
741,742,Metta World Peace,,,,
742,743,Aaron Brooks,,,,
743,744,Carl Landry,,,,
744,745,Von Wafer,,,,
745,746,Brent Barry,,,,
746,747,Brian Cook,,,,
747,748,James White,,,,
748,749,Joey Dorsey,,,,
749,750,Paul Pierce,,,,
750,751,Glen Davis,,,,
751,752,Kendrick Perkins,,,,
752,753,Ray Allen,,,,
753,754,Eddie House,,,,
754,755,Brian Scalabrine,,,,
755,756,Stephon Marbury,,,,
756,757,Tony Allen,,,,
757,758,Gabe Pruitt,,,,
758,759,Mikki Moore,,,,
759,760,Henry Walker,,,,
760,761,Josh Howard,,,,
761,762,Dirk Nowitzki,,,,
762,763,Erick Dampier,,,,
763,764,Jason Terry,,,,
764,765,Jason Kidd,,,,
765,766,Brandon Bass,,,,
766,767,Antoine Wright,,,,
767,768,James Singleton,,,,
768,769,Ryan Hollins,,,,
769,770,Matt Carroll,,,,
770,771,Josh Smith,,,,
771,772,Joe Johnson,,,,
772,773,Mike Bibby,,,,
773,774,Maurice Evans,,,,
774,775,Flip Murray,,,,
775,776,Zaza Pachulia,,,,
776,777,Mario West,,,,
777,778,Thomas Gardner,,,,
778,779,Solomon Jones,,,,
779,780,Acie Law,,,,
780,781,Yao Ming,,,,
781,782,Othello Hunter,,,,
782,783,Randolph Morris,,,,
783,784,Jeremy Richardson,,,,
784,785,Adam Morrison,,,,
785,786,James Jones,,,,
786,787,Joel Anthony,,,,
787,788,Dwyane Wade,,,,
788,789,Mario Chalmers,,,,
789,790,Michael Beasley,,,,
790,791,Daequan Cook,,,,
791,792,Jermaine O'Neal,,,,
792,793,Jamaal Magloire,,,,
793,794,Chris Quinn,,,,
794,795,Yakhouba Diawara,,,,
795,796,Dorell Wright,,,,
796,797,John Salmons,,,,
797,798,Tyrus Thomas,,,,
798,799,Ben Gordon,,,,
799,800,Brad Miller,,,,
800,801,Kirk Hinrich,,,,
801,802,Lindsey Hunter,,,,
802,803,Aaron Gray,,,,
803,804,Linton Johnson,,,,
804,805,Anthony Roberson,,,,
805,806,Tim Thomas,,,,
806,807,Samuel Dalembert,,,,
807,808,Willie Green,,,,
808,809,Andre Miller,,,,
809,810,Theo Ratliff,,,,
810,811,Donyell Marshall,,,,
811,812,Marreese Speights,,,,
812,813,Royal Ivey,,,,
813,814,Reggie Evans,,,,
814,815,Kareem Rush,,,,
815,816,Rudy Fernandez,,,,
816,817,Joel Przybilla,,,,
817,818,Brandon Roy,,,,
818,819,Steve Blake,,,,
819,820,Travis Outlaw,,,,
820,821,Greg Oden,,,,
821,822,Sergio Rodriguez,,,,
822,823,Channing Frye,,,,
823,824,Jerryd Bayless,,,,
824,825,Michael Ruffin,,,,
825,826,Peja Stojakovic,,,,
826,827,David West,,,,
827,828,Hilton Armstrong,,,,
828,829,Rasual Butler,,,,
829,830,Sean Marks,,,,
830,831,James Posey,,,,
831,832,Julian Wright,,,,
832,833,Antonio Daniels,,,,
833,834,Ryan Bowen,,,,
834,835,Devin Brown,,,,
835,836,Morris Peterson,,,,
836,837,Bruce Bowen,,,,
837,838,Tim Duncan,,,,
838,839,Matt Bonner,,,,
839,840,Michael Finley,,,,
840,841,Tony Parker,,,,
841,842,Kurt Thomas,,,,
842,843,Roger Mason Jr.,,,,
843,844,Ime Udoka,,,,
844,845,Drew Gooden,,,,
845,846,Fabricio Oberto,,,,
846,847,Jacque Vaughn,,,,
847,848,Andrei Kirilenko,,,,
848,849,Carlos Boozer,,,,
849,850,Mehmet Okur,,,,
850,851,Ronnie Brewer,,,,
851,852,Deron Williams,,,,
852,853,Brevin Knight,,,,
853,854,CJ Miles,,,,
854,855,Matt Harpring,,,,
855,856,Ronnie Price,,,,
856,857,Jarron Collins,,,,
857,858,Tayshaun Prince,,,,
858,859,Antonio McDyess,,,,
859,860,Rasheed Wallace,,,,
860,861,Richard Hamilton,,,,
861,862,Rodney Stuckey,,,,
862,863,Will Bynum,,,,
863,864,Jason Maxiell,,,,
864,865,Arron Afflalo,,,,
865,866,Walter Herrmann,,,,
866,867,Amir Johnson,,,,
867,868,Kwame Brown,,,,
868,869,Walter Sharpe,,,,
869,870,Jamario Moon,,,,
870,871,Kyrylo Fesenko,,,,
871,872,Speedy Claxton,,,,
872,873,Dikembe Mutombo,,,,
873,874,Leon Powe,,,,
874,875,Ryan Anderson,,,,
875,876,Trenton Hassell,,,,
876,877,Keyon Dooling,,,,
877,878,Chris Douglas-Roberts,,,,
878,879,Jarvis Hayes,,,,
879,880,Maurice Ager,,,,
880,881,Bobby Simmons,,,,
881,882,Josh Boone,,,,
882,883,Yi Jianlian,,,,
883,884,Sean Williams,,,,
884,885,Devin Harris,,,,
885,886,Al Harrington,,,,
886,887,David Lee,,,,
887,888,Jared Jeffries,,,,
888,889,Chris Duhon,,,,
889,890,Quentin Richardson,,,,
890,891,Nate Robinson,,,,
891,892,Larry Hughes,,,,
892,893,Chris Wilcox,,,,
893,894,Joe Crawford,,,,
894,895,Mouhamed Sene,,,,
895,896,Chris Hunter,,,,
896,897,Andres Nocioni,,,,
897,898,Jason Thompson,,,,
898,899,Ike Diogu,,,,
899,900,Francisco Garcia,,,,
900,901,Beno Udrih,,,,
901,902,Bobby Jackson,,,,
902,903,Rashad McCants,,,,
903,904,Donte Greene,,,,
904,905,Cedric Simmons,,,,
905,906,Calvin Booth,,,,
906,907,Spencer Hawes,,,,
907,908,Kevin Martin,,,,
908,909,Brian Cardinal,,,,
909,910,Mark Madsen,,,,
910,911,Jason Collins,,,,
911,912,Mike Miller,,,,
912,913,Kevin Ollie,,,,
913,914,Sebastian Telfair,,,,
914,915,Craig Smith,,,,
915,916,Ryan Gomes,,,,
916,917,Rodney Carney,,,,
917,918,Shelden Williams,,,,
918,919,Bobby Brown,,,,
919,920,Kelenna Azubuike,,,,
920,921,Anthony Randolph,,,,
921,922,Ronny Turiaf,,,,
922,923,Anthony Morrow,,,,
923,924,C.J. Watson,,,,
924,925,Andris Biedrins,,,,
925,926,Rob Kurz,,,,
926,927,Monta Ellis,,,,
927,928,Corey Maggette,,,,
928,929,Brandan Wright,,,,
929,930,Matt Barnes,,,,
930,931,Grant Hill,,,,
931,932,Shaquille O'Neal,,,,
932,933,Jason Richardson,,,,
933,934,Steve Nash,,,,
934,935,Leandro Barbosa,,,,
935,936,Lou Amundson,,,,
936,937,Stromile Swift,,,,
937,938,Alando Tucker,,,,
938,939,Nenad Krstic,,,,
939,940,Shaun Livingston,,,,
940,941,Nick Collison,,,,
941,942,Earl Watson,,,,
942,943,Kyle Weaver,,,,
943,944,DJ White,,,,
944,945,Damien Wilkins,,,,
945,946,Chucky Atkins,,,,
946,947,Malik Rose,,,,
947,948,Fred Jones,,,,
948,949,Marcus Camby,,,,
949,950,Chris Kaman,,,,
950,951,Baron Davis,,,,
951,952,Mike Taylor,,,,
952,953,Steve Novak,,,,
953,954,Alex Acker,,,,
954,955,Mardy Collins,,,,
955,956,Zach Randolph,,,,
956,957,Brian Skinner,,,,
957,958,Melvin Ely,,,,
958,959,Gerald Wallace,,,,
959,960,Boris Diaw,,,,
960,961,Nazr Mohammed,,,,
961,962,Raymond Felton,,,,
962,963,Emeka Okafor,,,,
963,964,DeSagana Diop,,,,
964,965,Dontell Jefferson,,,,
965,966,Juwan Howard,,,,
966,967,Vladimir Radmanovic,,,,
967,968,Sean May,,,,
968,969,Cartier Martin,,,,
969,970,Mark Blount,,,,
970,971,Darrell Arthur,,,,
971,972,O.J. Mayo,,,,
972,973,Hakim Warrick,,,,
973,974,Marko Jaric,,,,
974,975,Darko Milicic,,,,
975,976,Hamed Haddadi,,,,
976,977,Greg Buckner,,,,
977,978,Darius Miles,,,,
978,979,Quinton Ross,,,,
979,980,Richard Jefferson,,,,
980,981,Dan Gadzuric,,,,
981,982,Charlie Bell,,,,
982,983,Ramon Sessions,,,,
983,984,Francisco Elson,,,,
984,985,Charlie Villanueva,,,,
985,986,Joe Alexander,,,,
986,987,Luke Ridnour,,,,
987,988,Malik Allen,,,,
988,989,Keith Bogans,,,,
989,990,Damon Jones,,,,
990,991,Danny Granger,,,,
991,992,Troy Murphy,,,,
992,993,Roy Hibbert,,,,
993,994,Brandon Rush,,,,
994,995,Jarrett Jack,,,,
995,996,Jeff Foster,,,,
996,997,T.J. Ford,,,,
997,998,Josh McRoberts,,,,
998,999,Stephen Graham,,,,
999,1000,Rasho Nesterovic,,,,
1000,1001,Travis Diener,,,,
1001,1002,Maceo Baston,,,,
1002,1003,Lorenzen Wright,,,,
1003,1004,Jawad Williams,,,,
1004,1005,Shawn Marion,,,,
1005,1006,Chris Bosh,,,,
1006,1007,Patrick O'Bryant,,,,
1007,1008,Anthony Parker,,,,
1008,1009,Jose Calderon,,,,
1009,1010,Pops Mensah-Bonsu,,,,
1010,1011,Roko Ukic,,,,
1011,1012,Joey Graham,,,,
1012,1013,Jason Kapono,,,,
1013,1014,Jake Voskuhl,,,,
1014,1015,Andrea Bargnani,,,,
1015,1016,Quincy Douby,,,,
1016,1017,Caron Butler,,,,
1017,1018,Darius Songaila,,,,
1018,1019,Dominic McGuire,,,,
1019,1020,Javaris Crittenton,,,,
1020,1021,Oleksiy Pecherov,,,,
1021,1022,Juan Dixon,,,,
1022,1023,Nick Young,,,,
1023,1024,Gilbert Arenas,,,,
1024,1025,Andray Blatche,,,,
1025,1026,Brendan Haywood,,,,
1026,1027,Antawn Jamison,,,,
1027,1028,Robert Swift,,,,
1028,1029,Al Thornton,,,,
1029,1030,Marcus Williams,,,,
1030,1031,DeMarcus Nelson,,,,
1031,1032,Courtney Sims,,,,
1032,1033,Sonny Weems,,,,
1033,1034,Eddy Curry,,,,
1034,1035,Ricky Davis,,,,
1035,1036,Will Solomon,,,,
1036,1037,Manu Ginobili,,,,
1037,1038,JJ Hickson,,,,
1038,1039,Stephen Jackson,,,,
1039,1040,Randy Foye,,,,
1040,1041,Raja Bell,,,,
1041,1042,Kevin Garnett,,,,
1042,1043,Allen Iverson,,,,
1043,1044,Shavlik Randolph,,,,
1044,1045,Luther Head,,,,
1045,1046,Nathan Jawai,,,,
1046,1047,Demetris Nichols,,,,
1047,1048,Marcus Banks,,,,
1048,1049,Cheikh Samb,,,,
1049,1050,Jermareo Davidson,,,,
1050,1051,Devean George,,,,
1051,1052,Marquis Daniels,,,,
1052,1053,J.R. Giddens,,,,
1053,1054,Malik Hairston,,,,
1054,1055,Chris Mihm,,,,
1055,1056,Luol Deng,,,,
1056,1057,Kosta Koufos,,,,
1057,1058,Etan Thomas,,,,
1058,1059,Alexis Ajinca,,,,
1059,1060,DeShawn Stevenson,,,,
1060,1061,Sun Sun,,,,
1061,1062,Trey Johnson,,,,
1062,1063,Eddie Gill,,,,
1063,1064,Kenny Thomas,,,,
1064,1065,Jerry Stackhouse,,,,
1065,1066,Amar'e Stoudemire,,,,
1066,1067,Sam Cassell,,,,
1067,1068,Jerome James,,,,
1068,1069,Morris Almond,,,,
1069,1070,Tracy McGrady,,,,
1070,1071,Sean Singletary,,,,
1071,1072,Al Jefferson,,,,
1072,1073,Mike Dunleavy,,,,
1073,1074,Elton Brand,,,,
1074,1075,Eduardo Najera,,,,
1075,1076,Andrew Bogut,,,,
1076,1077,Desmond Mason,,,,
1077,1078,Austin Croshere,,,,
1078,1079,Michael Redd,,,,
1079,1080,Kris Humphries,,,,
1080,1081,Shawne Williams,,,,
1081,1082,Steve Francis,,,,
1082,1083,Paul Davis,,,,
1083,1084,Hassan Adams,,,,
1084,1085,Steven Hill,,,,
1085,1086,Dee Brown,,,,
1086,1087,Blake Ahearn,,,,
1087,1088,Antoine Walker,,,,
1088,1089,Dwayne Jones,,,,
1089,1090,Martell Webster,,,,
1090,1091,Cuttino Mobley,,,,
1091,1092,Desmon Farmer,,,,
1092,1093,Andre Brown,,,,
1093,1094,Coby Karl,,,,
1094,1095,John Lucas III,,,,
1095,1096,Patrick Ewing,,,,
1096,1097,Brian Hamilton,,,,
1097,1098,Julius Hodge,,,,
1098,1099,Chris Richard,,,,
1099,1100,Roger Powell,,,,
1100,1101,Salim Stoudamire,,,,
1101,1102,JaJuan Smith,,,,
1102,1103,Jelani McCoy,,,,
1103,1104,Robert Hite,,,,
1104,1105,CJ Giles,,,,
1105,1106,Justin Williams,,,,
1106,1107,James Mays,,,,
1107,1108,Mateen Cleaves,,,,
1108,1109,Nick Fazekas,,,,
1109,1110,Ruben Patterson,,,,
1110,1111,Smush Parker,,,,
1111,1112,Dan Grunfeld,,,,
1112,1113,Brandon Heath,,,,
1113,1114,Antywane Robinson,,,,
1114,1115,Charles Rhodes,,,,
1115,1116,Reyshawn Terry,,,,
1116,1117,Darryl Watkins,,,,
1117,1118,DerMarr Johnson,,,,
1118,1119,Josh Davis,,,,
1119,1120,DJ Strawberry,,,,
1120,1121,Mike Harris,,,,
1121,1122,Dan Dickau,,,,
1122,1123,Richard Hendrix,,,,
1123,1124,Matt Freije,,,,
1124,1125,Cheyne Gadson,,,,
1125,1126,Ronald Dupree,,,,
1126,1127,Vernon Hamilton,,,,
1127,1128,Charles Gaines,,,,
1128,1129,Devin Green,,,,
1129,1130,Mike Wilks,,,,
1130,1131,Ron Howard,,,,
1131,1132,Gabe Muoneke,,,,
1132,1133,Gerry McNamara,,,,
1133,1134,Kevin Lyde,,,,
1134,1135,Curtis Sumpter,,,,
1135,1136,Jared Jordan,,,,
1136,1137,Chris Alexander,,,,
1137,1138,Derrick Byars,,,,
1138,1139,David Padgett,,,,
1139,1140,Jamaal Tatum,,,,
1140,1141,Luke Jackson,,,,
1141,1142,Bobby Jones,,,,
1142,1143,Noel Felix,,,,
1143,1144,Rafael Araujo,,,,
1144,1145,Kevin Kruger,,,,
1145,1146,Donell Taylor,,,,
1146,1147,Darius Washington,,,,
1147,1148,Elton Brown,,,,
1148,1149,Jared Reiner,,,,
1149,1150,David Noel,,,,
1150,1151,Dion Dowell,,,,
1151,1152,Adrian Griffin,,,,
1152,1153,Malick Badiane,,,,
1153,1154,Taj McCullough,,,,
1154,1155,Coleman Collins,,,,
1155,1156,Lance Allred,,,,
1156,1157,Jamal Sampson,,,,
1157,1158,Brent Petway,,,,
1158,1159,Kai Zhang,,,,
1159,1160,TJ Cummings,,,,
1160,1161,Eddie Basden,,,,
1161,1162,Omar Barlett,,,,
1162,1163,Ira Newble,,,,
1163,1164,P.J. Brown,,,,
1164,1165,Robert Horry,,,,
1165,1166,Damon Stoudamire,,,,
1166,1167,Jannero Pargo,,,,
1167,1168,Bonzi Wells,,,,
1168,1169,Billy Thomas,,,,
1169,1170,Carlos Arroyo,,,,
1170,1171,Pat Garrity,,,,
1171,1172,James Augustine,,,,
1172,1173,Josh Childress,,,,
1173,1174,Jason Smith,,,,
1174,1175,Gordan Giricek,,,,
1175,1176,Eric Piatkowski,,,,
1176,1177,Eddie Jones,,,,
1177,1178,Carlos Delfino,,,,
1178,1179,Primoz Brezec,,,,
1179,1180,Loren Woods,,,,
1180,1181,Aaron Williams,,,,
1181,1182,Kirk Snyder,,,,
1182,1183,Awvee Storey,,,,
1183,1184,Michael Doleac,,,,
1184,1185,Juan Carlos Navarro,,,,
1185,1186,Casey Jacobsen,,,,
1186,1187,Bostjan Nachbar,,,,
1187,1188,Darrell Armstrong,,,,
1188,1189,Stephane Lasme,,,,
1189,1190,Kasib Powell,,,,
1190,1191,Earl Barron,,,,
1191,1192,Jason Williams,,,,
1192,1193,Alexander Johnson,,,,
1193,1194,Earl Boykins,,,,
1194,1195,Derek Anderson,,,,
1195,1196,Othella Harrington,,,,
1196,1197,David Harrison,,,,
1197,1198,Andre Owens,,,,
1198,1199,Raef LaFrentz,,,,
1199,1200,Kosta Perovic,,,,
1200,1201,Chris Webber,,,,
1201,1202,Taurean Green,,,,
1202,1203,Darrick Martin,,,,
1203,1204,Mickael Gelabale,,,,
1204,1205,Eric Snow,,,,
1205,1206,Kaniel Dickens,,,,
1206,1207,Andre Barrett,,,,
1207,1208,Alonzo Mourning,,,,
1208,1209,Scot Pollard,,,,
1209,1210,Jeff McInnis,,,,
1210,1211,JamesOn Curry,,,,
1211,1212,Marcus Vinicius,,,,
1212,1213,Jamaal Tinsley,,,,
1213,1214,Viktor Khryapa,,,,
1214,1215,Adam Haluska,,,,
1215,1216,Guillermo Diaz,,,,
1216,1217,Richie Frahm,,,,
1217,1218,Keith Langford,,,,
1218,1219,Troy Hudson,,,,
1219,1220,Anfernee Hardaway,,,,
1220,1221,Orien Greene,,,,
1221,1222,Shareef Abdur-Rahim,,,,
1222,1223,Bo Outlaw,,,,
1223,1224,Jorge Garbajosa,,,,
1224,1225,Brandon Wallace,,,,
1225,1226,Mustafa Shakur,,,,
1226,1227,David Wesley,,,,
1227,1228,Justin Reed,,,,
1228,1229,Yaroslav Korolev,,,,
1229,1230,Steven Smith,,,,
1230,1231,Sammy Mejia,,,,
1231,1232,Walker Russell,,,,
1232,1233,Jackie Manuel,,,,
1233,1234,Brian Chase,,,,
1234,1235,Marcus Slaughter,,,,
1235,1236,Kris Lang,,,,
1236,1237,Lukasz Obrzut,,,,
1237,1238,Darvin Ham,,,,
1238,1239,Jared Newson,,,,
1239,1240,Mike Hall,,,,
1240,1241,Chris Ellis,,,,
1241,1242,Herbert Hill,,,,
1242,1243,Jared Homan,,,,
1243,1244,Jermaine Jackson,,,,
1244,1245,Jackie Butler,,,,
1245,1246,Andre Patterson,,,,
1246,1247,Larry Turner,,,,
1247,1248,Jameel Watkins,,,,
1248,1249,Darius Rice,,,,
1249,1250,Jumaine Jones,,,,
1250,1251,Mile Ilic,,,,
1251,1252,Anthony Lever-Pedroza,,,,
1252,1253,Tierre Brown,,,,
1253,1254,Damone Brown,,,,
1254,1255,Donnell Harvey,,,,
1255,1256,Allan Houston,,,,
1256,1257,Brad Stricker,,,,
1257,1258,Stacey Augmon,,,,
1258,1259,John Edwards,,,,
1259,1260,Tony Massenburg,,,,
1260,1261,Pat Burke,,,,
1261,1262,Rod Benson,,,,
1262,1263,JR Pinnock,,,,
1263,1264,Deji Akindele,,,,
1264,1265,Adam Parada,,,,
1265,1266,Brandon Robinson,,,,
1266,1267,Nik Caner-Medley,,,,
1267,1268,Rashid Byrd,,,,
1268,1269,Torrell Martin,,,,
1269,1270,Kimani Ffriend,,,,
1270,1271,Esteban Batista,,,,
1271,1272,Anthony Richardson,,,,
1272,1273,Chet Mason,,,,
1273,1274,Jamon Lucas,,,,
1274,1275,Willie Deane,,,,
1275,1276,Joseph Blair,,,,
1276,1277,Gerald Fitch,,,,
1277,1278,Wayne Simien,,,,
1278,1279,Dale Davis,,,,
1279,1280,Jalen Rose,,,,
1280,1281,Clifford Robinson,,,,
1281,1282,Michael Sweetney,,,,
1282,1283,Sarunas Jasikevicius,,,,
1283,1284,Bernard Robinson,,,,
1284,1285,Vassilis Spanoulis,,,,
1285,1286,Jake Tsakalidis,,,,
1286,1287,Kevin Willis,,,,
1287,1288,Shammond Williams,,,,
1288,1289,Gary Payton,,,,
1289,1290,Keith McLeod,,,,
1290,1291,Rawle Marshall,,,,
1291,1292,Marc Jackson,,,,
1292,1293,Daniel Ewing,,,,
1293,1294,Will Conroy,,,,
1294,1295,Randy Livingston,,,,
1295,1296,Danny Fortson,,,,
1296,1297,Luke Schenscher,,,,
1297,1298,Junior Harrington,,,,
1298,1299,Lawrence Roberts,,,,
1299,1300,Bracey Wright,,,,
1300,1301,Vitaly Potapenko,,,,
1301,1302,Corliss Williamson,,,,
1302,1303,Allan Ray,,,,
1303,1304,Lynn Greer,,,,
1304,1305,Damir Markota,,,,
1305,1306,Kelvin Cato,,,,
1306,1307,Alan Anderson,,,,
1307,1308,Alan Henderson,,,,
1308,1309,Uros Slokar,,,,
1309,1310,Pape Sow,,,,
1310,1311,Slava Medvedenko,,,,
1311,1312,Kevinn Pinkney,,,,
1312,1313,Will Blalock,,,,
1313,1314,Aaron McKie,,,,
1314,1315,Zeljko Rebraca,,,,
1315,1316,Michael Olowokandi,,,,
1316,1317,Scott Padgett,,,,
1317,1318,Eddie Griffin,,,,
1318,1319,Eric Williams,,,,
1319,1320,James Lang,,,,
1320,1321,Doug Christie,,,,
1321,1322,Renaldo Major,,,,
1322,1323,Alvin Williams,,,,
1323,1324,Dijon Thompson,,,,
1324,1325,Maurice Taylor,,,,
1325,1326,Andreas Glyniadakis,,,,
1326,1327,Chris McCray,,,,
1327,1328,Cedric Bozeman,,,,
1328,1329,Ivan McFarlin,,,,
1329,1330,Dajuan Wagner,,,,
1330,1331,Vin Baker,,,,
1331,1332,Ha Ha,,,,
1332,1333,Kevin Burleson,,,,
1333,1334,Martynas Andriuskevicius,,,,
1334,1335,Hiram Fuller,,,,
1335,1336,Matt Walsh,,,,
1336,1337,Vincent Grier,,,,
1337,1338,Ryan Humphrey,,,,
1338,1339,Zendon Hamilton,,,,
1339,1340,Milone Clark,,,,
1340,1341,Nikoloz Tskitishvili,,,,
1341,1342,Paul Miller,,,,
1342,1343,Rick Brunson,,,,
1343,1344,Luis Flores,,,,
1344,1345,Charles Lee,,,,
1345,1346,Jamar Smith,,,,
1346,1347,Melvin Sanders,,,,
1347,1348,Antoine Hood,,,,
1348,1349,Antonio Burks,,,,
1349,1350,Ndudi Ebi,,,,
1350,1351,Lamond Murray,,,,
1351,1352,Milt Palacio,,,,
1352,1353,Tyrone Ellis,,,,
1353,1354,Jay Williams,,,,
1354,1355,Dawan Robinson,,,,
1355,1356,Zarko Cabarkapa,,,,
1356,1357,Scooter McFadgon,,,,
1357,1358,Olu Famutimi,,,,
1358,1359,Rich Melzer,,,,
1359,1360,Michaela Pavlickova,,,,
1360,1361,Michelle Snow,,,,
1361,1362,Jimmie Hunter,,,,
1362,1363,Paul Shirley,,,,
1363,1364,Akin Akingbala,,,,
1364,1365,Kevin Pittsnogle,,,,
1365,1366,Daniel Horton,,,,
1366,1367,Donta Smith,,,,
1367,1368,Matt Haryasz,,,,
1368,1369,Davin White,,,,
1369,1370,Rick Rickert,,,,
1370,1371,Sean Lampley,,,,
1371,1372,Cezary Trybanski,,,,
1372,1373,LaVell Blanchard,,,,
1373,1374,Brandon Bowman,,,,
1374,1375,Denham Brown,,,,
1375,1376,Rob Griffin,,,,
1376,1377,Pat Carroll,,,,
1377,1378,Brandon Hunter,,,,
1378,1379,Ondrej Starosta,,,,
1379,1380,Pooh Jeter,,,,
1380,1381,Kenny Adeleke,,,,
1381,1382,Laron Profit,,,,
1382,1383,Joe Shipp,,,,
1383,1384,Shandon Anderson,,,,
1384,1385,Keith Van Horn,,,,
1385,1386,Brian Grant,,,,
1386,1387,Tony Delk,,,,
1387,1388,Nick Van Exel,,,,
1388,1389,Walter McCarty,,,,
1389,1390,John Thomas,,,,
1390,1391,Zoran Planinic,,,,
1391,1392,Jim Jackson,,,,
1392,1393,Toni Kukoc,,,,
1393,1394,Jiri Welsch,,,,
1394,1395,Ervin Johnson,,,,
1395,1396,Howard Eisley,,,,
1396,1397,Boniface Ndong,,,,
1397,1398,Maciej Lampe,,,,
1398,1399,Moochie Norris,,,,
1399,1400,Marcus Fizer,,,,
1400,1401,Arvydas Macijauskas,,,,
1401,1402,Voshon Lenard,,,,
1402,1403,Calbert Cheaney,,,,
1403,1404,Greg Ostertag,,,,
1404,1405,Pavel Podkolzin,,,,
1405,1406,Anthony Grundy,,,,
1406,1407,Qyntel Woods,,,,
1407,1408,Derrick Zimmerman,,,,
1408,1409,Michael Bradley,,,,
1409,1410,Lonny Baxter,,,,
1410,1411,Jackson Vroman,,,,
1411,1412,Sergei Monia,,,,
1412,1413,Reece Gaines,,,,
1413,1414,Robert Whaley,,,,
1414,1415,Antonio Davis,,,,
1415,1416,Mario Kasun,,,,
1416,1417,Bryon Russell,,,,
1417,1418,Charles Smith,,,,
1418,1419,Jon Barry,,,,
1419,1420,James Thomas,,,,
1420,1421,Terence Morris,,,,
1421,1422,Chris Taft,,,,
1422,1423,Peter John Ramos,,,,
1423,1424,Lee Nailon,,,,
1424,1425,Randy Holcomb,,,,
1425,1426,Sean Banks,,,,
1426,1427,Samaki Walker,,,,
1427,1428,Aaron Miles,,,,
1428,1429,Sharrod Ford,,,,
1429,1430,Kevin Pritchard,,,,
1430,1431,Alex Scales,,,,
1431,1432,Jonathan Bender,,,,
1432,1433,Anthony Goldwire,,,,
1433,1434,Deng Gai,,,,
1434,1435,Jamal Mashburn,,,,
1435,1436,Curtis Borchardt,,,,
1436,1437,Jahidi White,,,,
1437,1438,Obinna Ekezie,,,,
1438,1439,Lionel Chalmers,,,,
1439,1440,Tommy Smith,,,,
1440,1441,Corey Williams,,,,
1441,1442,Toree Morris,,,,
1442,1443,Bernie Bickerstaff,,,,
1443,1444,Tony Bobbitt,,,,
1444,1445,Spencer Nelson,,,,
1445,1446,Alex Garcia,,,,
1446,1447,Andre Emmett,,,,
1447,1448,Jamison Brewer,,,,
1448,1449,Otis George,,,,
1449,1450,Steven Barber,,,,
1450,1451,Scott Skiles,,,,
1451,1452,Justin Davis,,,,
1452,1453,Ray Young,,,,
1453,1454,Rodney White,,,,
1454,1455,Yuta Tabuse,,,,
1455,1456,Mark Ayotte,,,,
1456,1457,Violet Palmer,,,,
1457,1458,Luis Grillo,,,,
1458,1459,Jeff Van Gundy,,,,
1459,1460,Eric Chenowith,,,,
1460,1461,Antonio Meeking,,,,
1461,1462,Eric Sandrin,,,,
1462,1463,Adam Chubb,,,,
1463,1464,Arthur Johnson,,,,
1464,1465,Ben Handlogten,,,,
1465,1466,Ricky Shields,,,,
1466,1467,Ruben Boumtje-Boumtje,,,,
1467,1468,Ajani Williams,,,,
1468,1469,Lucas Tischer,,,,
1469,1470,D'or Fischer,,,,
1470,1471,Jason Capel,,,,
1471,1472,Nigel Dixon,,,,
1472,1473,Theron Smith,,,,
1473,1474,Steve Castleberry,,,,
1474,1475,Bryant Matthews,,,,
1475,1476,Robert Pack,,,,
1476,1477,Fred Vinson,,,,
1477,1478,Mark Pope,,,,
1478,1479,Erik Daniels,,,,
1479,1480,Mamadou N'diaye,,,,
1480,1481,Kennedy Winston,,,,
1481,1482,Filiberto Rivera,,,,
1482,1483,Ken Johnson,,,,
1483,1484,Troy Bell,,,,
1484,1485,Sam Clancy,,,,
1485,1486,Cory Violette,,,,
1486,1487,Todd Day,,,,
1487,1488,Marcus Campbell,,,,
1488,1489,Matt Nelson,,,,
1489,1490,Kyle Bailey,,,,
1490,1491,Herve Lamizana,,,,
1491,1492,Jason Collier,,,,
1492,1493,Mark Strickland,,,,
1493,1494,Mark Karcher,,,,
1494,1495,Felipe Lopez,,,,
1495,1496,Erick Strickland,,,,
1496,1497,Mengke Bateer,,,,
1497,1498,Kevin Braswell,,,,
1498,1499,Elden Campbell,,,,
1499,1500,Glenn Robinson,,,,
1500,1501,Christian Laettner,,,,
1501,1502,Shawn Bradley,,,,
1502,1503,Reggie Miller,,,,
1503,1504,Anthony Peeler,,,,
1504,1505,Bob Sura,,,,
1505,1506,Clar. Weatherspoon,,,,
1506,1507,Lawrence Funderburke,,,,
1507,1508,Wesley Person,,,,
1508,1509,Rodney Rogers,,,,
1509,1510,Travis Best,,,,
1510,1511,Rodney Buford,,,,
1511,1512,Jabari Smith,,,,
1512,1513,Mark Jones,,,,
1513,1514,Tom Gugliotta,,,,
1514,1515,Predrag Drobnjak,,,,
1515,1516,Michael Stewart,,,,
1516,1517,George Lynch,,,,
1517,1518,Robert Traylor,,,,
1518,1519,Lucious Harris,,,,
1519,1520,Omar Cook,,,,
1520,1521,Vlade Divac,,,,
1521,1522,Horace Jenkins,,,,
1522,1523,Cory Alexander,,,,
1523,1524,Torraye Braggs,,,,
1524,1525,Jerome Williams,,,,
1525,1526,Bruno Sundov,,,,
1526,1527,Latrell Sprewell,,,,
1527,1528,Fred Hoiberg,,,,
1528,1529,Daniel Santiago,,,,
1529,1530,Wang Zhi-zhi,,,,
1530,1531,Dion Glover,,,,
1531,1532,Maurice Baker,,,,
1532,1533,Kenny Anderson,,,,
1533,1534,Frank Williams,,,,
1534,1535,Andrew DeClercq,,,,
1535,1536,Ron Mercer,,,,
1536,1537,Scott Williams,,,,
1537,1538,Rod Strickland,,,,
1538,1539,Jerome Moiso,,,,
1539,1540,Raul Lopez,,,,
1540,1541,Kedrick Brown,,,,
1541,1542,Kerry Kittles,,,,
1542,1543,Ibrahim Kutluay,,,,
1543,1544,Courtney Alexander,,,,
1544,1545,Michael Curry,,,,
1545,1546,Brandin Knight,,,,
1546,1547,Corsley Edwards,,,,
1547,1548,Kendall Gill,,,,
1548,1549,Aleksandar Radojevic,,,,
1549,1550,Ansu Sesay,,,,
1550,1551,Kirk Penney,,,,
1551,1552,Charlie Ward,,,,
1552,1553,Marcus Haislip,,,,
1553,1554,Geno Carlisle,,,,
1554,1555,Tamar Slay,,,,
1555,1556,Tremaine Fowlkes,,,,
1556,1557,Britton Johnsen,,,,
1557,1558,Derrick Coleman,,,,
1558,1559,Tim Pickett,,,,
1559,1560,Anthony Miller,,,,
1560,1561,Romain Sato,,,,
1561,1562,Alton Ford,,,,
1562,1563,David Bluthenthal,,,,
1563,1564,Ricky Minard,,,,
1564,1565,Marcus Hatten,,,,
1565,1566,Jason Sasser,,,,
1566,1567,Rashad Wright,,,,
1567,1568,Brandon Williams,,,,
1568,1569,Juaquin Hawkins,,,,
1569,1570,Trajan Langdon,,,,
1570,1571,Vladimir Stepania,,,,
1571,1572,Jason Miskiri,,,,
1572,1573,Jerome Beasley,,,,
1573,1574,Derrick Dial,,,,
1574,1575,Galen Young,,,,
1575,1576,Derek Hood,,,,
1576,1577,Marque Perry,,,,
1577,1578,Tracy Murray,,,,
1578,1579,Blake Stepp,,,,
1579,1580,David Hawkins,,,,
1580,1581,Nate Williams,,,,
1581,1582,Brandon Armstrong,,,,
1582,1583,Mitchell Butler,,,,
1583,1584,Anwar Ferguson,,,,
1584,1585,Tony Bland,,,,
1585,1586,Ike Nwankwo,,,,
1586,1587,Jerry Dupree,,,,
1587,1588,Nate Johnson,,,,
1588,1589,Neil Yanke,,,,
1589,1590,Rick Fox,,,,
1590,1591,Karl Malone,,,,
1591,1592,Oliver Miller,,,,
1592,1593,Gary Trent,,,,
1593,1594,Maurice Carter,,,,
1594,1595,Mark Jackson,,,,
1595,1596,Dana Barros,,,,
1596,1597,Amal McCaskill,,,,
1597,1598,Sean Rooks,,,,
1598,1599,Corie Blount,,,,
1599,1600,Robert Archibald,,,,
1600,1601,Desmond Ferguson,,,,
1601,1602,J.R. Bremer,,,,
1602,1603,Avery Johnson,,,,
1603,1604,Popeye Jones,,,,
1604,1605,Chris Crawford,,,,
1605,1606,Travis Hansen,,,,
1606,1607,Ernest Brown,,,,
1607,1608,John Wallace,,,,
1608,1609,Jeff Trepagnier,,,,
1609,1610,Doug Overton,,,,
1610,1611,Chris Jefferies,,,,
1611,1612,Eddie Robinson,,,,
1612,1613,Leon Smith,,,,
1613,1614,Charles Oakley,,,,
1614,1615,Chris Whitney,,,,
1615,1616,Hubert Davis,,,,
1616,1617,Horace Grant,,,,
1617,1618,Bimbo Coles,,,,
1618,1619,Rusty LaRue,,,,
1619,1620,Desmond Penigar,,,,
1620,1621,Chris Mills,,,,
1621,1622,Bryce Drew,,,,
1622,1623,Keon Clark,,,,
1623,1624,Scottie Pippen,,,,
1624,1625,Paul Grant,,,,
1625,1626,Slavko Vranes,,,,
1626,1627,Glen Rice,,,,
1627,1628,John Amaechi,,,,
1628,1629,Olden Polynice,,,,
1629,1630,Monty Williams,,,,
1630,1631,Cherokee Parks,,,,
1631,1632,Quincy Lewis,,,,
1632,1633,Dan Langhi,,,,
1633,1634,Tyrone Hill,,,,
1634,1635,Shane Heal,,,,
1635,1636,Carl English,,,,
1636,1637,Michael Smith,,,,
1637,1638,Peter Cornell,,,,
1638,1639,Chris Carr,,,,
1639,1640,Justin Hamilton,,,,
1640,1641,Ronald Blackshear,,,,
1641,1642,Travis Knight,,,,
1642,1643,A.J. Guyton,,,,
1643,1644,Tang Hamilton,,,,
1644,1645,Jon Stefansson,,,,
1645,1646,Tariq Abdul-Wahad,,,,
1646,1647,Rick Apodaca,,,,
1647,1648,Nick Sheppard,,,,
1648,1649,Joe Crispin,,,,
1649,1650,Robb Dryden,,,,
1650,1651,David Jackson,,,,
1651,1652,Jason Jennings,,,,
1652,1653,Richard Jeter,,,,
1653,1654,Shelton Jones,,,,
1654,1655,Ademola Okulaja,,,,
1655,1656,Demetrius Alexander,,,,
1656,1657,Jermaine Boyette,,,,
1657,1658,Lavor Postell,,,,
1658,1659,Cole Aldrich,,,,
1659,1660,Lazar Hayward,,,,
1660,1661,Norris Cole,,,,
1661,1662,Terrel Harris,,,,
1662,1663,Greg Stiemsma,,,,
1663,1664,Dexter Pittman,,,,
1664,1665,Tiago Splitter,,,,
1665,1666,Gary Neal,,,,
1666,1667,DeJuan Blair,,,,
1667,1668,James Anderson,,,,
1668,1669,Lavoy Allen,,,,
1669,1670,Jodie Meeks,,,,
1670,1671,Craig Brackins,,,,
1671,1672,Xavier Silas,,,,
1672,1673,Darren Collison,,,,
1673,1674,Tyler Hansbrough,,,,
1674,1675,Jeff Ayres,,,,
1675,1676,AJ Price,,,,
1676,1677,Lance Stephenson,,,,
1677,1678,Sam Young,,,,
1678,1679,Jordan Hill,,,,
1679,1680,Devin Ebanks,,,,
1680,1681,Andrew Goudelock,,,,
1681,1682,Darius Morris,,,,
1682,1683,Trey Thompkins,,,,
1683,1684,Quincy Pondexter,,,,
1684,1685,Dante Cunningham,,,,
1685,1686,Lester Hudson,,,,
1686,1687,Josh Selby,,,,
1687,1688,Kenneth Faried,,,,
1688,1689,Timofey Mozgov,,,,
1689,1690,Ty Lawson,,,,
1690,1691,Jordan Hamilton,,,,
1691,1692,Julyan Stone,,,,
1692,1693,Omer Asik,,,,
1693,1694,Ivan Johnson,,,,
1694,1695,Christian Eyenga,,,,
1695,1696,Landry Fields,,,,
1696,1697,Toney Douglas,,,,
1697,1698,Josh Harrellson,,,,
1698,1699,Jerome Jordan,,,,
1699,1700,Daniel Orton,,,,
1700,1701,Earl Clark,,,,
1701,1702,Justin Harper,,,,
1702,1703,Jeremy Evans,,,,
1703,1704,Rodrigue Beaubois,,,,
1704,1705,Travis Leslie,,,,
1705,1706,Jerome Dyson,,,,
1706,1707,Greivis Vasquez,,,,
1707,1708,Gustavo Ayon,,,,
1708,1709,Xavier Henry,,,,
1709,1710,Chase Budinger,,,,
1710,1711,Greg Smith,,,,
1711,1712,Courtney Fortson,,,,
1712,1713,Diamon Simpson,,,,
1713,1714,Jordan Williams,,,,
1714,1715,MarShon Brooks,,,,
1715,1716,Sundiata Gaines,,,,
1716,1717,Armon Johnson,,,,
1717,1718,Ben Uzoh,,,,
1718,1719,Solomon Alabi,,,,
1719,1720,Gary Forbes,,,,
1720,1721,Chris Wright,,,,
1721,1722,Jeremy Tyler,,,,
1722,1723,Mickell Gladness,,,,
1723,1724,Charles Jenkins,,,,
1724,1725,Tyreke Evans,,,,
1725,1726,Jimmer Fredette,,,,
1726,1727,Terrence Williams,,,,
1727,1728,Tyler Honeycutt,,,,
1728,1729,Marcus Thornton,,,,
1729,1730,Luke Babbitt,,,,
1730,1731,Nolan Smith,,,,
1731,1732,Jonny Flynn,,,,
1732,1733,Hasheem Thabeet,,,,
1733,1734,Wesley Johnson,,,,
1734,1735,Nikola Pekovic,,,,
1735,1736,Derrick Williams,,,,
1736,1737,Malcolm Lee,,,,
1737,1738,DeAndre Liggins,,,,
1738,1739,Alonzo Gee,,,,
1739,1740,Donald Sloan,,,,
1740,1741,Samardo Samuels,,,,
1741,1742,D.J. Kennedy,,,,
1742,1743,Manny Harris,,,,
1743,1744,Luke Harangody,,,,
1744,1745,Omri Casspi,,,,
1745,1746,Dominique Jones,,,,
1746,1747,Byron Mullens,,,,
1747,1748,Gerald Henderson,,,,
1748,1749,Cory Higgins,,,,
1749,1750,Derrick Brown,,,,
1750,1751,Reggie Williams,,,,
1751,1752,Chris Singleton,,,,
1752,1753,Jan Vesely,,,,
1753,1754,Kevin Seraphin,,,,
1754,1755,Shelvin Mack,,,,
1755,1756,Trevor Booker,,,,
1756,1757,Jordan Crawford,,,,
1757,1758,Jon Leuer,,,,
1758,1759,Ekpe Udoh,,,,
1759,1760,Brandon Jennings,,,,
1760,1761,Larry Sanders,,,,
1761,1762,Jon Brockman,,,,
1762,1763,JaJuan Johnson,,,,
1763,1764,Greg Monroe,,,,
1764,1765,Jonas Jerebko,,,,
1765,1766,Austin Daye,,,,
1766,1767,Vernon Macklin,,,,
1767,1768,Justin Dentmon,,,,
1768,1769,Semih Erden,,,,
1769,1770,Chris Johnson,,,,
1770,1771,Dennis Horner,,,,
1771,1772,Jeremy Lin,,,,
1772,1773,Keith Benson,,,,
1773,1774,Malcolm Thomas,,,,
1774,1775,Edwin Ubiles,,,,
1775,1776,Jerry Smith,,,,
1776,1777,Eric Dawson,,,,
1777,1778,Jeff Foote,,,,
1778,1779,Elliot Williams,,,,
1779,1780,Ryan Reid,,,,
1780,1781,Damion James,,,,
1781,1782,Carldell Johnson,,,,
1782,1783,DaJuan Summers,,,,
1783,1784,Jeff Adrien,,,,
1784,1785,Hamady Ndiaye,,,,
1785,1786,Mychel Thompson,,,,
1786,1787,Larry Owens,,,,
1787,1788,Darington Hobson,,,,
1788,1789,Eric Maynor,,,,
1789,1790,Garret Siler,,,,
1790,1791,Magnum Rolle,,,,
1791,1792,Pape Sy,,,,
1792,1793,Durrell Summers,,,,
1793,1794,Taylor Griffin,,,,
1794,1795,Marcus Landry,,,,
1795,1796,Frank Hassell,,,,
1796,1797,Gani Lawal,,,,
1797,1798,Luke Zeller,,,,
1798,1799,Gilbert Brown,,,,
1799,1800,Jarrid Famous,,,,
1800,1801,Matt Rogers,,,,
1801,1802,Tyren Johnson,,,,
1802,1803,Drew Neitzel,,,,
1803,1804,Jerome Randle,,,,
1804,1805,Isma'il Muhammad,,,,
1805,1806,Marcus Hubbard,,,,
1806,1807,Jeremy Wise,,,,
1807,1808,Doug Thomas,,,,
1808,1809,Gary Flowers,,,,
1809,1810,Julian Khazzouh,,,,
1810,1811,Tommy Mitchell,,,,
1811,1812,Adrian Oliver,,,,
1812,1813,Lawrence Hill,,,,
1813,1814,David Andersen,,,,
1814,1815,Moses Ehambe,,,,
1815,1816,Terrico White,,,,
1816,1817,Darnell Lazare,,,,
1817,1818,Marqus Blakely,,,,
1818,1819,Willie Warren,,,,
1819,1820,Zabian Dowdell,,,,
1820,1821,Derrick Caracter,,,,
1821,1822,Jermaine Taylor,,,,
1822,1823,Othyus Jeffers,,,,
1823,1824,Marcus Cousin,,,,
1824,1825,Jerel McNeal,,,,
1825,1826,Andy Rautins,,,,
1826,1827,Sherron Collins,,,,
1827,1828,Matt Janning,,,,
1828,1829,Curtis Jerrells,,,,
1829,1830,Trent Plaisted,,,,
1830,1831,Eric Boateng,,,,
1831,1832,Elijah Millsap,,,,
1832,1833,Drew Naymick,,,,
1833,1834,Raymond Sykes,,,,
1834,1835,Kenny Hasbrouck,,,,
1835,1836,Evan Brock,,,,
1836,1837,Ricardo Marsh,,,,
1837,1838,Richard Delk,,,,
1838,1839,Stanley Robinson,,,,
1839,1840,Chris Kramer,,,,
1840,1841,Ryan Thompson,,,,
1841,1842,James Gist,,,,
1842,1843,Connor Atchley,,,,
1843,1844,Longar Longar,,,,
1844,1845,Kevin Palmer,,,,
1845,1846,Antonio Anderson,,,,
1846,1847,Vernon Goodridge,,,,
1847,1848,Anthony Mason,,,,
1848,1849,Tre Kelley,,,,
1849,1850,Shane Edwards,,,,
1850,1851,Jon Scheyer,,,,
1851,1852,Stephen Dennis,,,,
1852,1853,Cedric Jackson,,,,
1853,1854,Oliver Lafayette,,,,
1854,1855,Trey Gilder,,,,
1855,1856,Deron Washington,,,,
1856,1857,Tony Gaffney,,,,
1857,1858,Thomas Kelati,,,,
1858,1859,Romel Beck,,,,
1859,1860,Goran Suton,,,,
1860,1861,Carlos Powell,,,,
1861,1862,Dionte Christmas,,,,
1862,1863,Leon Rodgers,,,,
1863,1864,Luke Nevill,,,,
1864,1865,Russell Robinson,,,,
1865,1866,Shaun Pruitt,,,,
1866,1867,Frank Robinson,,,,
1867,1868,Dontaye Draper,,,,
1868,1869,Michael Fey,,,,
1869,1870,David Monds,,,,
1870,1871,Lanny Smith,,,,
1871,1872,Warren Carter,,,,
1872,1873,Bennet Davis,,,,
1873,1874,Stanton Kidd,,,,
1874,1875,Jalen Jones,,,,
1875,1876,Haywood Highsmith,,,,
1876,1877,Christ Koumadje,,,,
1877,1878,Isaiah Miles,,,,
1878,1879,Isaiah Taylor,,,,
1879,1880,Devin Robinson,,,,
1880,1881,CJ Massinburg,,,,
1881,1882,C.J. Williams,,,,
1882,1883,Matur Maker,,,,
1883,1884,Davon Reed,,,,
1884,1885,Skyler Flatten,,,,
1885,1886,Bubu Palo,,,,
1886,1887,Jalen Adams,,,,
1887,1888,Javon Bess,,,,
1888,1889,Kavell Bigby-Williams,,,,
1889,1890,V.J. King,,,,
1890,1891,Lamar Peters,,,,
1891,1892,Miles Plumlee,,,,
1892,1893,Ivan Rabb,,,,
1893,1894,Daulton Hommes,,,,
1894,1895,Demetrius Jackson,,,,
1895,1896,Marcus Allen,,,,
1896,1897,Andrew Harrison,,,,
1897,1898,Kavion Pippen,,,,
1898,1899,Troy Caupain,,,,
1899,1900,London Perrantes,,,,
1900,1901,Donte Grantham,,,,
1901,1902,B.J. Taylor,,,,
1902,1903,Tahjere McCall,,,,
1903,1904,Marcus Derrickson,,,,
1904,1905,Jordan Sibert,,,,
1905,1906,Justin Simon,,,,
1906,1907,Milton Doyle,,,,
1907,1908,Tyus Battle,,,,
1908,1909,Barry Brown,,,,
1909,1910,Jon Davis,,,,
1910,1911,Isaac Humphries,,,,
1911,1912,Todd Withers,,,,
1912,1913,Kobi Simmons,,,,
1913,1914,Ahmed Hill,,,,
1914,1915,Jaron Blossomgame,,,,
1915,1916,Abdul Gaddy,,,,
1916,1917,DeVaughn Akoon-Purcell,,,,
1917,1918,Myke Henry,,,,
1918,1919,Eric Moreland,,,,
1919,1920,Kyle Collinsworth,,,,
1920,1921,Reggie Hearn,,,,
1921,1922,Walt Lemon Jr.,,,,
1922,1923,C.J. Wilcox,,,,
1923,1924,Kaiser Gates,,,,
1924,1925,Yante Maten,,,,
1925,1926,Jarell Martin,,,,
1926,1927,Daniel Hamilton,,,,
1927,1928,Aric Holman,,,,
1928,1929,Tyler Lydon,,,,
1929,1930,Hollis Thompson,,,,
1930,1931,Tyler Ulis,,,,
1931,1932,Norense Odiase,,,,
1932,1933,David Kramer,,,,
1933,1934,David Stockton,,,,
1934,1935,Dedric Lawson,,,,
1935,1936,Perrion Callandret,,,,
1936,1937,Sagaba Konate,,,,
1937,1938,Luke Maye,,,,
1938,1939,Phil Booth,,,,
1939,1940,Jemerrio Jones,,,,
1940,1941,Deng Adel,,,,
1941,1942,John Egbunu,,,,
1942,1943,Josh Perkins,,,,
1943,1944,Amir Hinton,,,,
1944,1945,Yudai Baba,,,,
1945,1946,Isaiah Pineiro,,,,
1946,1947,Jordan Murphy,,,,
1947,1948,Lindell Wigginton,,,,
1948,1949,James Palmer Jr.,,,,
1949,1950,Terry Larrier,,,,
1950,1951,Thomas Welsh,,,,
1951,1952,Anthony Bennett,,,,
1952,1953,Devyn Marble,,,,
1953,1954,Hassani Gravett,,,,
1954,1955,JaKeenan Gant,,,,
1955,1956,Nikola Mirotic,,,,
1956,1957,Jonathon Simmons,,,,
1957,1958,Guerschon Yabusele,,,,
1958,1959,Donatas Motiejunas,,,,
1959,1960,Jonathan Gibson,,,,
1960,1961,Deyonta Davis,,,,
1961,1962,Alan Williams,,,,
1962,1963,John Jenkins,,,,
1963,1964,Isaiah Hicks,,,,
1964,1965,Billy Garrett,,,,
1965,1966,Wayne Selden,,,,
1966,1967,Brandon Sampson,,,,
1967,1968,Antonio Blakeney,,,,
1968,1969,Tyler Dorsey,,,,
1969,1970,Julian Washburn,,,,
1970,1971,Jawun Evans,,,,
1971,1972,Bonzie Colson,,,,
1972,1973,Salah Mejri,,,,
1973,1974,Jared Terrell,,,,
1974,1975,Mitchell Creek,,,,
1975,1976,Tyler Cavanaugh,,,,
1976,1977,Troy Williams,,,,
1977,1978,Jordan Loyd,,,,
1978,1979,Ian Clark,,,,
1979,1980,Dairis Bertans,,,,
1980,1981,RJ Hunter,,,,
1981,1982,Sam Dekker,,,,
1982,1983,Angel Delgado,,,,
1983,1984,Cody Demps,,,,
1984,1985,Scott Machado,,,,
1985,1986,Andre Ingram,,,,
1986,1987,Terrence Jones,,,,
1987,1988,Isaiah Briscoe,,,,
1988,1989,Alex Poythress,,,,
1989,1990,Trevon Duval,,,,
1990,1991,Isaiah Canaan,,,,
1991,1992,Emanuel Terry,,,,
1992,1993,Scotty Hopson,,,,
1993,1994,Richard Solomon,,,,
1994,1995,Wade Baldwin IV,,,,
1995,1996,Alex Abrines,,,,
1996,1997,Kalin Lucas,,,,
1997,1998,Quincy Acy,,,,
1998,1999,Malachi Richardson,,,,
1999,2000,Ron Baker,,,,
2000,2001,Lorenzo Brown,,,,
2001,2002,Milos Teodosic,,,,
2002,2003,Keenan Evans,,,,
2003,2004,Jaylen Morris,,,,
2004,2005,Okaro White,,,,
2005,2006,Zach Lofton,,,,
2006,2007,George King,,,,
2007,2008,DJ Stephens,,,,
2008,2009,Tyler Davis,,,,
2009,2010,Zhou Qi,,,,
2010,2011,John Holland,,,,
2011,2012,Chinanu Onuaku,,,,
2012,2013,Billy Preston,,,,
2013,2014,Travis Wear,,,,
2014,2015,Jeffrey Carroll,,,,
2015,2016,Angel Rodriguez,,,,
2016,2017,Tim Bond,,,,
2017,2018,Markel Crawford,,,,
2018,2019,Doral Moore,,,,
2019,2020,Darius Johnson-Odom,,,,
2020,2021,Jonathan Stark,,,,
2021,2022,Zach Smith,,,,
2022,2023,Yanyuhang Ding,,,,
2023,2024,Nick Johnson,,,,
2024,2025,Braian Angola-Rodas,,,,
2025,2026,Thomas Robinson,,,,
2026,2027,C.J. Anderson,,,,
2027,2028,Briante Weber,,,,
2028,2029,Raphiael Putney,,,,
2029,2030,Rodney Purvis,,,,
2030,2031,Jarnell Stokes,,,,
2031,2032,Jeffrey Coby,,,,
2032,2033,Jairus Lyles,,,,
2033,2034,Isaiah Cousins,,,,
2034,2035,Isaac Haas,,,,
2035,2036,Kay Felder,,,,
2036,2037,Garlon Green,,,,
2037,2038,Brandon McCoy,,,,
2038,2039,Charles Cooke,,,,
2039,2040,Will Cherry,,,,
2040,2041,Elijah Stewart,,,,
2041,2042,Ben Moore,,,,
2042,2043,Omari Johnson,,,,
2043,2044,Josh Huestis,,,,
2044,2045,Nuni Omot,,,,
2045,2046,Tiwian Kendley,,,,
2046,2047,Johnny Hamilton,,,,
2047,2048,Desi Rodriguez,,,,
2048,2049,Shabazz Muhammad,,,,
2049,2050,KJ McDaniels,,,,
2050,2051,Bryce Alford,,,,
2051,2052,Codi Miller-McIntyre,,,,
2052,2053,Anthony Brown,,,,
2053,2054,Jaylen Barford,,,,
2054,2055,Isaiah Wilkins,,,,
2055,2056,Rob Gray,,,,
2056,2057,Ismaila Kane,,,,
2057,2058,Joel Berry II,,,,
2058,2059,Marcus Georges-Hunt,,,,
2059,2060,Jeff Roberson,,,,
2060,2061,Nick King,,,,
2061,2062,Jabari Bird,,,,
2062,2063,Chris McCullough,,,,
2063,2064,Jamel Artis,,,,
2064,2065,Tyrius Walker,,,,
2065,2066,Marcus Lee,,,,
2066,2067,Trey Lewis,,,,
2067,2068,Justin Bibbs,,,,
2068,2069,Tarik Black,,,,
2069,2070,Aaron Jackson,,,,
2070,2071,Shane Larkin,,,,
2071,2072,Lucas Nogueira,,,,
2072,2073,Joe Young,,,,
2073,2074,Dakari Johnson,,,,
2074,2075,Joffrey Lauvergne,,,,
2075,2076,Brandon Paul,,,,
2076,2077,Jack Cooley,,,,
2077,2078,Nigel Hayes,,,,
2078,2079,Tyler Ennis,,,,
2079,2080,Dwight Buycks,,,,
2080,2081,Sean Kilpatrick,,,,
2081,2082,James Webb III,,,,
2082,2083,Marcus Paige,,,,
2083,2084,Andrew White III,,,,
2084,2085,Alec Peters,,,,
2085,2086,Aaron Harrison,,,,
2086,2087,Tim Quarterman,,,,
2087,2088,Georgios Papagiannis,,,,
2088,2089,Xavier Munford,,,,
2089,2090,Marshall Plumlee,,,,
2090,2091,Jordan Mickey,,,,
2091,2092,Marquis Teague,,,,
2092,2093,Larry Drew II,,,,
2093,2094,Darrun Hilliard,,,,
2094,2095,Brice Johnson,,,,
2095,2096,Paul Zipser,,,,
2096,2097,Mangok Mathiang,,,,
2097,2098,James Young,,,,
2098,2099,Jameel Warney,,,,
2099,2100,Erik McCree,,,,
2100,2101,Isaiah Whitehead,,,,
2101,2102,Matt Costello,,,,
2102,2103,Xavier Rathan-Mayes,,,,
2103,2104,Malcolm Delaney,,,,
2104,2105,Jarell Eddie,,,,
2105,2106,Kyle Singler,,,,
2106,2107,Rashad Vaughn,,,,
2107,2108,Trey McKinney-Jones,,,,
2108,2109,Markel Brown,,,,
2109,2110,Willie Reed,,,,
2110,2111,Johnny O'Bryant III,,,,
2111,2112,Luis Montero,,,,
2112,2113,James Michael McAdoo,,,,
2113,2114,Jacob Wiley,,,,
2114,2115,Vander Blue,,,,
2115,2116,Jacob Pullen,,,,
2116,2117,Matt Williams Jr.,,,,
2117,2118,Jamil Wilson,,,,
2118,2119,Joel Bolomboy,,,,
2119,2120,Adreian Payne,,,,
2120,2121,Vincent Hunter,,,,
2121,2122,Nate Wolters,,,,
2122,2123,Jeff Withey,,,,
2123,2124,Yakuba Ouattara,,,,
2124,2125,Nicolas Brussino,,,,
2125,2126,Gian Clavell,,,,
2126,2127,Mindaugas Kuzminskas,,,,
2127,2128,Mirza Teletovic,,,,
2128,2129,Carrick Felix,,,,
2129,2130,Mike Young,,,,
2130,2131,Ike Iroegbu,,,,
2131,2132,Matt Jones,,,,
2132,2133,Michael Gbinije,,,,
2133,2134,AJ Hammons,,,,
2134,2135,Tony Mitchell,,,,
2135,2136,James Blackmon Jr.,,,,
2136,2137,Isaac Hamilton,,,,
2137,2138,Damjan Rudez,,,,
2138,2139,Perry Jones III,,,,
2139,2140,Cliff Alexander,,,,
2140,2141,Rade Zagorac,,,,
2141,2142,Durand Scott,,,,
2142,2143,Maalik Wayns,,,,
2143,2144,Brandon Ashley,,,,
2144,2145,Terry Henderson,,,,
2145,2146,T.J. Williams,,,,
2146,2147,Luke Petrasek,,,,
2147,2148,Davion Berry,,,,
2148,2149,Diamond Stone,,,,
2149,2150,Jaylen Johnson,,,,
2150,2151,Bronson Koenig,,,,
2151,2152,Archie Goodwin,,,,
2152,2153,George de Paula,,,,
2153,2154,Akil Mitchell,,,,
2154,2155,Jeremy Senglin,,,,
2155,2156,Daniel Dixon,,,,
2156,2157,L.J. Peak,,,,
2157,2158,Jonathan Holmes,,,,
2158,2159,Landry Nnoko,,,,
2159,2160,Derek Willis,,,,
2160,2161,Edy Tavares,,,,
2161,2162,Semaj Christon,,,,
2162,2163,Rashawn Thomas,,,,
2163,2164,Torian Graham,,,,
2164,2165,Eric Griffin,,,,
2165,2166,DeQuan Jones,,,,
2166,2167,Melo Trimble,,,,
2167,2168,Daniel Ochefu,,,,
2168,2169,LaDontae Henton,,,,
2169,2170,V.J. Beachem,,,,
2170,2171,Stephen Zimmerman,,,,
2171,2172,Kendall Marshall,,,,
2172,2173,Peter Jok,,,,
2173,2174,Taylor Braun,,,,
2174,2175,Jordan Mathews,,,,
2175,2176,Kyle Wiltjer,,,,
2176,2177,Kennedy Meeks,,,,
2177,2178,Paige Marcus,,,,
2178,2179,Jeremy Morgan,,,,
2179,2180,Matt Matt,,,,
2180,2181,Devin Williams,,,,
2181,2182,Alex Hamilton,,,,
2182,2183,Rakeem Christmas,,,,
2183,2184,Patricio Garino,,,,
2184,2185,Ryan Kelly,,,,
2185,2186,Andrew Nicholson,,,,
2186,2187,Shawn Long,,,,
2187,2188,Maurice Ndour,,,,
2188,2189,Brian Roberts,,,,
2189,2190,Ben Bentil,,,,
2190,2191,Lamar Patterson,,,,
2191,2192,Mike Tobey,,,,
2192,2193,Ray McCallum,,,,
2193,2194,Marcelo Huertas,,,,
2194,2195,Jared Sullinger,,,,
2195,2196,Pierre Jackson,,,,
2196,2197,Arinze Onuaku,,,,
2197,2198,Nicolas Laprovittola,,,,
2198,2199,Festus Ezeli,,,,
2199,2200,Grant Jerrett,,,,
2200,2201,Keith Hornsby,,,,
2201,2202,Robbie Hummel,,,,
2202,2203,Pablo Prigioni,,,,
2203,2204,PJ Hairston,,,,
2204,2205,Livio Jean-Charles,,,,
2205,2206,Rasheed Sulaimon,,,,
2206,2207,Perry Ellis,,,,
2207,2208,Toure' Murry,,,,
2208,2209,Cat Barber,,,,
2209,2210,Vashil Fernandez,,,,
2210,2211,Drew Crawford,,,,
2211,2212,Brady Heslip,,,,
2212,2213,Yanick Moreira,,,,
2213,2214,E.J. Singler,,,,
2214,2215,Casper Ware,,,,
2215,2216,Thomas Walkup,,,,
2216,2217,Shawn Dawson,,,,
2217,2218,Quincy Ford,,,,
2218,2219,Robert Sacre,,,,
2219,2220,JP Tokoto,,,,
2220,2221,Jaleel Cousins,,,,
2221,2222,Cleanthony Early,,,,
2222,2223,Damien Inglis,,,,
2223,2224,Henry Sims,,,,
2224,2225,Cameron Jones,,,,
2225,2226,Phil Pressey,,,,
2226,2227,Orlando Johnson,,,,
2227,2228,JJ O'Brien,,,,
2228,2229,Jaleel Roberts,,,,
2229,2230,Trey Freeman,,,,
2230,2231,Cory Jefferson,,,,
2231,2232,Mitch McGary,,,,
2232,2233,Kaleb Tarczewski,,,,
2233,2234,Jorge Gutierrez,,,,
2234,2235,Beau Beech,,,,
2235,2236,Egidijus Mockevicius,,,,
2236,2237,Andrew Andrews,,,,
2237,2238,Branden Dawson,,,,
2238,2239,Kevin Murphy,,,,
2239,2240,Stefan Jankovic,,,,
2240,2241,Jordan Adams,,,,
2241,2242,D'Vauntes Smith-Rivera,,,,
2242,2243,J.J. Avila,,,,
2243,2244,Nikola Jovanovic,,,,
2244,2245,Nick Zeisloft,,,,
2245,2246,Zach Auguste,,,,
2246,2247,Julian Jacobs,,,,
2247,2248,Gracin Bakumanya,,,,
2248,2249,Derek Cooke Jr.,,,,
2249,2250,Elgin Cook,,,,
2250,2251,Scott Wood,,,,
2251,2252,Tony Wroten,,,,
2252,2253,Chris Copeland,,,,
2253,2254,Duje Dukan,,,,
2254,2255,Tibor Pleiss,,,,
2255,2256,Bryce Cotton,,,,
2256,2257,Shayne Whittington,,,,
2257,2258,Sasha Kaun,,,,
2258,2259,Sergey Karasev,,,,
2259,2260,Cameron Bairstow,,,,
2260,2261,Jared Cunningham,,,,
2261,2262,Alex Stepheson,,,,
2262,2263,Coty Clarke,,,,
2263,2264,Bryce Dejean-Jones,,,,
2264,2265,Erick Green,,,,
2265,2266,Keith Appling,,,,
2266,2267,Kostas Papanikolaou,,,,
2267,2268,Russ Smith,,,,
2268,2269,Joshua Smith,,,,
2269,2270,Arsalan Kazemi,,,,
2270,2271,Denzel Livingston,,,,
2271,2272,Chris Walker,,,,
2272,2273,Kleon Penn,,,,
2273,2274,Nick Wiggins,,,,
2274,2275,Bo McCalebb,,,,
2275,2276,Lazeric Jones,,,,
2276,2277,Sampson Carter,,,,
2277,2278,Nnanna Egwu,,,,
2278,2279,Jaron Johnson,,,,
2279,2280,Michale Kyser,,,,
2280,2281,Ronald Roberts Jr.,,,,
2281,2282,Shannon Scott,,,,
2282,2283,Furkan Aldemir,,,,
2283,2284,Scottie Wilbekin,,,,
2284,2285,Corey Walden,,,,
2285,2286,Jason Washburn,,,,
2286,2287,Sam Thompson,,,,
2287,2288,CJ Fair,,,,
2288,2289,Kadeem Jack,,,,
2289,2290,Wesley Saunders,,,,
2290,2291,Darion Atkins,,,,
2291,2292,Travis Trice II,,,,
2292,2293,Devin Sweetney,,,,
2293,2294,Chris Babb,,,,
2294,2295,Chris Udofia,,,,
2295,2296,Jabari Brown,,,,
2296,2297,Terran Petteway,,,,
2297,2298,Jordan Bachynski,,,,
2298,2299,Adonis Thomas,,,,
2299,2300,Melvin Ejim,,,,
2300,2301,Marcus Simmons,,,,
2301,2302,Keifer Sykes,,,,
2302,2303,Deshaun Thomas,,,,
2303,2304,Talib Zanna,,,,
2304,2305,Michael Qualls,,,,
2305,2306,Dez Wells,,,,
2306,2307,Robert Upshaw,,,,
2307,2308,Will Cummings,,,,
2308,2309,Nick Minnerath,,,,
2309,2310,Ryan Boatright,,,,
2310,2311,Chris Daniels,,,,
2311,2312,Quincy Miller,,,,
2312,2313,Youssou Ndoye,,,,
2313,2314,Corey Hawkins,,,,
2314,2315,Juwan Staten,,,,
2315,2316,Kyle Casey,,,,
2316,2317,Marshall Henderson,,,,
2317,2318,Corey Webster,,,,
2318,2319,Jake Anderson,,,,
2319,2320,Stefhon Hannah,,,,
2320,2321,Edgar Sosa,,,,
2321,2322,Charlie Westbrook,,,,
2322,2323,Jon Horford,,,,
2323,2324,Michael Holyfield,,,,
2324,2325,Pero Antic,,,,
2325,2326,Nick Calathes,,,,
2326,2327,Joel Freeland,,,,
2327,2328,Bernard James,,,,
2328,2329,Gigi Datome,,,,
2329,2330,Jamaal Franklin,,,,
2330,2331,Zoran Dragic,,,,
2331,2332,Ricky Ledo,,,,
2332,2333,Jeffery Taylor,,,,
2333,2334,Sim Bhullar,,,,
2334,2335,David Wear,,,,
2335,2336,Alexey Shved,,,,
2336,2337,Jerrelle Benimon,,,,
2337,2338,Victor Claver,,,,
2338,2339,Andre Dawkins,,,,
2339,2340,Ognjen Kuzmic,,,,
2340,2341,Miroslav Raduljica,,,,
2341,2342,Alex Kirk,,,,
2342,2343,Brandon Davies,,,,
2343,2344,Patrick Christopher,,,,
2344,2345,Gal Mekel,,,,
2345,2346,Drew Gordon,,,,
2346,2347,Patric Young,,,,
2347,2348,Nemanja Nedovic,,,,
2348,2349,Brock Motum,,,,
2349,2350,Diante Garrett,,,,
2350,2351,Aaron Craft,,,,
2351,2352,Mitchell Watt,,,,
2352,2353,Roscoe Smith,,,,
2353,2354,Geron Johnson,,,,
2354,2355,Doron Lamb,,,,
2355,2356,Justin Cobbs,,,,
2356,2357,Dallas Lauderdale,,,,
2357,2358,Brian Qvale,,,,
2358,2359,Arnett Moultrie,,,,
2359,2360,Kevin Jones,,,,
2360,2361,Micheal Eric,,,,
2361,2362,Vitor Faverani,,,,
2362,2363,Erik Murphy,,,,
2363,2364,Christian Watford,,,,
2364,2365,Orlando Sanchez,,,,
2365,2366,Michael Jenkins,,,,
2366,2367,Shawn Jones,,,,
2367,2368,Yuki Togashi,,,,
2368,2369,Josh Bostic,,,,
2369,2370,Stephen Holt,,,,
2370,2371,Kadeem Batts,,,,
2371,2372,Peyton Siva,,,,
2372,2373,Ben Hansbrough,,,,
2373,2374,Joe Jackson,,,,
2374,2375,Casey Prather,,,,
2375,2376,James Southerland,,,,
2376,2377,Kim English,,,,
2377,2378,Luke Hancock,,,,
2378,2379,Dee Bost,,,,
2379,2380,Jarvis Varnado,,,,
2380,2381,Nando De Colo,,,,
2381,2382,Tornike Shengelia,,,,
2382,2383,Royce White,,,,
2383,2384,Viacheslav Kravtsov,,,,
2384,2385,Tyshawn Taylor,,,,
2385,2386,Chris Smith,,,,
2386,2387,Elias Harris,,,,
2387,2388,Kris Joseph,,,,
2388,2389,Romero Osby,,,,
2389,2390,Kenny Kadji,,,,
2390,2391,CJ Leslie,,,,
2391,2392,Khalif Wyatt,,,,
2392,2393,Rodney Williams,,,,
2393,2394,Carlos Morais,,,,
2394,2395,Damen Bell-Holter,,,,
2395,2396,Kammron Taylor,,,,
2396,2397,Daniel Nwaelele,,,,
2397,2398,Michael Lee,,,,
2398,2399,Fab Melo,,,,
2399,2400,Mickey McConnell,,,,
2400,2401,Mac Koshwal,,,,
2401,2402,Courtney Fells,,,,
2402,2403,Trent Lockett,,,,
2403,2404,Olek Czyz,,,,
2404,2405,Kyle Fogg,,,,
2405,2406,Myck Kabongo,,,,
2406,2407,DeShawn Sims,,,,
2407,2408,Richard Howell,,,,
2408,2409,David Lighty,,,,
2409,2410,Mustapha Farrakhan,,,,
2410,2411,Tim Ohlbrecht,,,,
2411,2412,Josh Akognon,,,,
2412,2413,Steven Gray,,,,
2413,2414,Hank Thorns,,,,
2414,2415,John Shurna,,,,
2415,2416,Ryan Allen,,,,
2416,2417,Carlon Brown,,,,
2417,2418,Lance Goulbourne,,,,
2418,2419,Demonte Harper,,,,
2419,2420,Micah Downs,,,,
2420,2421,Devin Searcy,,,,
2421,2422,Oscar Bellfield,,,,
2422,2423,Robert Dozier,,,,
2423,2424,Michael Dunigan,,,,
2424,2425,Carleton Scott,,,,
2425,2426,Reeves Nelson,,,,
2426,2427,Ronnie Aguilar,,,,
2427,2428,Wesley Witherspoon,,,,
2428,2429,Greg Somogyi,,,,
2429,2430,Brian Butch,,,,
2430,2431,Tyler Wilkerson,,,,
2431,2432,Kevin Anderson,,,,
2432,2433,Petr Cornelie,DEN,,26.0,2016 23
2433,2434,Arnoldas Kulboka,CHA,,24.0,2018 25
2434,2435,Marko Simonovic,CHI,,21.0,2020 14
2435,2436,Leandro Bolmaro,MIN,,21.0,2020 23
2436,2437,Vit Krejci,OKC,,21.0,2020 7
2437,2438,Isaiah Todd,WAS,,19.0,2021 1
2438,2439,Cade Cunningham,DET,,20.0,2021 1
2439,2440,Ziaire Williams,MEM,,20.0,2021 10
2440,2441,Jared Butler,UTA,,21.0,2021 10
2441,2442,James Bouknight,CHA,,21.0,2021 11
2442,2443,Joe Wieskamp,SAS,,22.0,2021 11
2443,2444,Isaiah Livers,DET,,23.0,2021 12
2444,2445,Joshua Primo,SAS,,18.0,2021 12
2445,2446,Greg Brown III,POR,,20.0,2021 13
2446,2447,Chris Duarte,IND,,24.0,2021 13
2447,2448,Kessler Edwards,BKN,,21.0,2021 14
2448,2449,Moses Moody,GSW,,19.0,2021 14
2449,2450,Corey Kispert,WAS,,22.0,2021 15
2450,2451,Dalano Banton,TOR,,21.0,2021 16
2451,2452,Alperen Sengun,HOU,,19.0,2021 16
2452,2453,David Johnson,TOR,,21.0,2021 17
2453,2454,Trey Murphy III,NOP,,21.0,2021 17
2454,2455,Sharife Cooper,ATL,,21.0,2021 18
2455,2456,Tre Mann,OKC,,20.0,2021 18
2456,2457,Kai Jones,CHA,,20.0,2021 19
2457,2458,Jalen Green,HOU,,19.0,2021 2
2458,2459,Jeremiah Robinson-Earl,OKC,,20.0,2021 2
2459,2460,Jalen Johnson,ATL,,19.0,2021 20
2460,2461,Keon Johnson,LAC,,19.0,2021 21
2461,2462,"B.J. Boston, Jr.",LAC,,19.0,2021 21
2462,2463,Isaiah Jackson,IND,,19.0,2021 22
2463,2464,Luka Garza,DET,,22.0,2021 22
2464,2465,Charles Bassey,PHI,,20.0,2021 23
2465,2466,Usman Garuba,HOU,,19.0,2021 23
2466,2467,Sandro Mamukelashvili,MIL,,24.0,2021 24
2467,2468,Josh Christopher,HOU,,19.0,2021 24
2468,2469,Quentin Grimes,NYK,,21.0,2021 25
2469,2470,Aaron Wiggins,OKC,,23.0,2021 25
2470,2471,Bones Hyland,DEN,,21.0,2021 26
2471,2472,Scottie Lewis,CHA,,22.0,2021 26
2472,2473,Cam Thomas,BKN,,19.0,2021 27
2473,2474,Jaden Springer,PHI,,19.0,2021 28
2474,2475,Jericho Sims,NYK,,24.0,2021 28
2475,2476,Day'Ron Sharpe,BKN,,19.0,2021 29
2476,2477,Jason Preston,LAC,,22.0,2021 3
2477,2478,Evan Mobley,CLE,,20.0,2021 3
2478,2479,Georgios Kalaitzakis,MIL,,22.0,2021 30
2479,2480,Santi Aldama,MEM,,20.0,2021 30
2480,2481,Scottie Barnes,TOR,,20.0,2021 4
2481,2482,Herb Jones,NOP,,23.0,2021 5
2482,2483,Jalen Suggs,ORL,,20.0,2021 5
2483,2484,Miles McBride,NYK,,21.0,2021 6
2484,2485,Josh Giddey,OKC,,18.0,2021 6
2485,2486,Jonathan Kuminga,GSW,,19.0,2021 7
2486,2487,J.T. Thor,CHA,,19.0,2021 7
2487,2488,Ayo Dosunmu,CHI,,21.0,2021 8
2488,2489,Franz Wagner,ORL,,20.0,2021 8
2489,2490,Neemias Queta,SAC,,22.0,2021 9
2490,2491,Davion Mitchell,SAC,,23.0,2021 9
2491,2492,Omer Yurtseven,MIA,,23.0,
2492,2493,Rob Edwards,OKC,,24.0,
2493,2494,Jeff Dowtin,ORL,,24.0,
2494,2495,Jaime Echenique,WAS,,24.0,
2495,2496,Jeremiah Tilmon,ORL,,22.0,
2496,2497,David Duke,BKN,,21.0,
2497,2498,Marcus Garrett,MIA,,23.0,
2498,2499,Kevin Pangos,CLE,,28.0,
2499,2500,"Derrick Alston, Jr.",UTA,,24.0,
2500,2501,Jose Alvarado,NOP,,24.0,
2501,2502,Moses Wright,LAC,,22.0,
2502,2503,McKinley Wright,MIN,,23.0,
2503,2504,Joel Ayayi,LAL,,22.0,
2504,2505,Mitch Ballock,CLE,,23.0,
2505,2506,Chaundee Brown,LAL,,22.0,
2506,2507,Trendon Watford,POR,,21.0,
2507,2508,Justin Champagnie,TOR,,21.0,
2508,2509,"Duane Washington, Jr.",IND,,22.0,
2509,2510,Matt Coleman III,SAC,,23.0,
2510,2511,M.J. Walker,NYK,,23.0,
2511,2512,Jalen Crutcher,CHA,,22.0,
2512,2513,Ishmail Wainright,TOR,,27.0,
2513,2514,Ethan Thompson,CHI,,22.0,
2514,2515,D.J. Steward,SAC,,20.0,
2515,2516,Mac McClung,LAL,,22.0,
2516,2517,Austin Reaves,LAL,,23.0,
2517,2518,Matt Lewis,MIN,,22.0,
2518,2519,Jordan Goodwin,WAS,,22.0,
2519,2520,Jock Landale,SAS,,25.0,
2520,2521,Matt Ryan,DEN,,24.0,
2521,2522,Cameron McGriff,CHA,,24.0,
2522,2523,JaQuori McLaughlin,DAL,,24.0,
2523,2524,Micah Potter,MIA,,23.0,
2524,2525,Isaiah Miller,MIN,,22.0,
2525,2526,Yves Pons,MEM,,22.0,
2526,2527,R.J. Nembhard,CLE,,22.0,
2527,2528,Daishen Nix,HOU,,19.0,
2528,2529,Jamorko Pickett,DET,,23.0,
2529,2530,Eugene Omoruyi,DAL,,25.0,
2530,2531,MaCio Teague,UTA,,24.0,
2531,2532,Terry Taylor,IND,,22.0,
2532,2533,"D.J. Stewart, Jr.",MIA,,22.0,
2533,2534,Sam Hauser,BOS,,24.0,
2534,2535,Aaron Henry,PHI,,22.0,
2535,2536,Dru Smith,MIA,,23.0,
2536,2537,Jay Huff,WAS,,23.0,
2537,2538,Jordan Schakel,WAS,,23.0,
2538,2539,Ja'Vonte Smart,MIA,,22.0,
2539,2540,Aamir Simms,NYK,,22.0,
2540,2541,Feron Hunt,DAL,,22.0,
2541,2542,DeJon Jarreau,IND,,24.0,
2542,2543,Carlik Jones,DAL,,23.0,
